timestamp,demand_kw,solar_generation_kw,grid_import_kw,self_consumption_kw,electricity_price_brl_kwh,cost_brl,temperature_c
2024-01-01 00:00:00,156.19695076583437,0.0,156.19695076583437,0.0,0.45,70.28862784462547,27.514403432744707
2024-01-01 01:00:00,136.47214413965523,0.0,136.47214413965523,0.0,0.45,61.41246486284486,26.274927432867447
2024-01-01 02:00:00,160.1998751054589,0.0,160.1998751054589,0.0,0.45,72.0899437974565,26.240026173707424
2024-01-01 03:00:00,149.80094195420384,0.0,149.80094195420384,0.0,0.45,67.41042387939173,27.623636689205863
2024-01-01 04:00:00,156.95528592621744,0.0,156.95528592621744,0.0,0.45,70.62987866679785,29.733813294530705
2024-01-01 05:00:00,144.61563073356288,0.0,144.61563073356288,0.0,0.45,65.0770338301033,29.67182351869237
2024-01-01 06:00:00,151.71213548744421,0.0,151.71213548744421,0.0,0.45,68.2704609693499,29.45767803236963
2024-01-01 07:00:00,550.100310087635,8.210379080507735,541.8899310071272,8.210379080507735,0.45,243.85046895320724,29.053315078433062
2024-01-01 08:00:00,565.6990319584424,16.50605989639466,549.1929720620478,16.50605989639466,0.45,247.13683742792153,29.75947629353925
2024-01-01 09:00:00,523.9486861008485,16.648137975512007,507.3005481253365,16.648137975512007,0.45,228.28524665640143,31.329908238933378
2024-01-01 10:00:00,464.1329920897764,26.642025308330176,437.4909667814462,26.642025308330176,0.45,196.8709350516508,32.42533559421311
2024-01-01 11:00:00,493.3517979437835,21.787145688870964,471.5646522549125,21.787145688870964,0.45,212.20409351471065,32.55591293061422
2024-01-01 12:00:00,501.95086452569785,19.278194080210543,482.6726704454873,19.278194080210543,0.45,217.2027017004693,34.13945251406594
2024-01-01 13:00:00,507.92496421625776,11.97818243595093,495.9467817803068,11.97818243595093,0.45,223.17605180113807,32.34466157991705
2024-01-01 14:00:00,486.5911044868104,31.70500373471815,454.88610075209226,31.70500373471815,0.45,204.6987453384415,33.35508214084167
2024-01-01 15:00:00,545.8066915494028,8.721237893731633,537.0854536556711,8.721237893731633,0.45,241.68845414505202,33.435478739371646
2024-01-01 16:00:00,545.4910092798325,7.6866879948244335,537.8043212850081,7.6866879948244335,0.45,242.01194457825363,32.4418790022367
2024-01-01 17:00:00,581.8588681402646,4.79884276767385,577.0600253725908,4.79884276767385,0.65,375.089016492184,31.680079601657994
2024-01-01 18:00:00,538.5809474934955,0.0,538.5809474934955,0.0,0.85,457.79380536947116,29.44580882205226
2024-01-01 19:00:00,145.50809661021307,0.0,145.50809661021307,0.0,0.85,123.6818821186811,29.02179234966172
2024-01-01 20:00:00,144.81123511910135,0.0,144.81123511910135,0.0,0.85,123.08954985123614,28.63461539847226
2024-01-01 21:00:00,148.0194463021027,0.0,148.0194463021027,0.0,0.65,96.21264009636675,26.862838258114227
2024-01-01 22:00:00,144.55019913131716,0.0,144.55019913131716,0.0,0.45,65.04758960909273,25.604035761954787
2024-01-01 23:00:00,138.44610916726597,0.0,138.44610916726597,0.0,0.45,62.30074912526969,28.099723621150716
2024-01-02 00:00:00,154.48639679234182,0.0,154.48639679234182,0.0,0.45,69.51887855655382,26.328493021810328
2024-01-02 01:00:00,159.1318316260186,0.0,159.1318316260186,0.0,0.45,71.60932423170837,25.458003530972995
2024-01-02 02:00:00,153.11256351080308,0.0,153.11256351080308,0.0,0.45,68.90065357986138,25.898515327609097
2024-01-02 03:00:00,152.18382300235731,0.0,152.18382300235731,0.0,0.45,68.48272035106079,28.977602276429195
2024-01-02 04:00:00,137.36712751159874,0.0,137.36712751159874,0.0,0.45,61.815207380219434,27.241249047389715
2024-01-02 05:00:00,147.10841359224514,0.0,147.10841359224514,0.0,0.45,66.19878611651032,27.978199302655877
2024-01-02 06:00:00,155.81608944066866,0.0,155.81608944066866,0.0,0.45,70.1172402483009,30.97468006783353
2024-01-02 07:00:00,506.8205428441767,1.9611447207007715,504.85939812347596,1.9611447207007715,0.45,227.1867291555642,30.74100026734965
2024-01-02 08:00:00,543.50771040915,9.60460924482468,533.9031011643253,9.60460924482468,0.45,240.2563955239464,30.812737117486414
2024-01-02 09:00:00,558.0072810560036,16.19889188906721,541.8083891669364,16.19889188906721,0.45,243.8137751251214,32.74113227868382
2024-01-02 10:00:00,501.2947001583468,2.645456333077306,498.6492438252695,2.645456333077306,0.45,224.39215972137126,31.851439974512374
2024-01-02 11:00:00,521.8545016494479,31.328682122030823,490.52581952741707,31.328682122030823,0.45,220.73661878733768,31.665248134236876
2024-01-02 12:00:00,475.04179312207856,12.105883625840498,462.9359094962381,12.105883625840498,0.45,208.32115927330713,32.824836357496885
2024-01-02 13:00:00,547.435696602054,4.703883482134389,542.7318131199196,4.703883482134389,0.45,244.22931590396382,33.2572480127618
2024-01-02 14:00:00,517.5072079014082,9.341810216979265,508.1653976844289,9.341810216979265,0.45,228.674428957993,32.00804331967289
2024-01-02 15:00:00,531.6581968398037,12.957493279474088,518.7007035603297,12.957493279474088,0.45,233.41531660214835,32.230503450030504
2024-01-02 16:00:00,517.5263535698684,5.451678784515023,512.0746747853534,5.451678784515023,0.45,230.43360365340905,30.814048567116423
2024-01-02 17:00:00,554.8875244571973,10.281848193411207,544.6056762637861,10.281848193411207,0.65,353.993689571461,29.567752065830685
2024-01-02 18:00:00,561.8320527768636,0.0,561.8320527768636,0.0,0.85,477.5572448603341,29.110531037255083
2024-01-02 19:00:00,146.20957879576136,0.0,146.20957879576136,0.0,0.85,124.27814197639715,26.90247238432046
2024-01-02 20:00:00,140.01500537521528,0.0,140.01500537521528,0.0,0.85,119.01275456893299,26.61205691312477
2024-01-02 21:00:00,139.99378471904626,0.0,139.99378471904626,0.0,0.65,90.99596006738007,27.078714442371407
2024-01-02 22:00:00,139.9583254580686,0.0,139.9583254580686,0.0,0.45,62.98124645613087,26.677010972648347
2024-01-02 23:00:00,152.979403354443,0.0,152.979403354443,0.0,0.45,68.84073150949935,25.756333441455826
2024-01-03 00:00:00,146.31067182377976,0.0,146.31067182377976,0.0,0.45,65.8398023207009,26.65028400421537
2024-01-03 01:00:00,144.0794227294336,0.0,144.0794227294336,0.0,0.45,64.83574022824511,27.08854534172398
2024-01-03 02:00:00,148.02461212793472,0.0,148.02461212793472,0.0,0.45,66.61107545757062,26.862398992830585
2024-01-03 03:00:00,153.37324559546275,0.0,153.37324559546275,0.0,0.45,69.01796051795824,26.06491967909945
2024-01-03 04:00:00,144.1028350644597,0.0,144.1028350644597,0.0,0.45,64.84627577900686,25.419896428034605
2024-01-03 05:00:00,159.37983345805972,0.0,159.37983345805972,0.0,0.45,71.72092505612687,29.86644249430567
2024-01-03 06:00:00,157.02997423218247,0.0,157.02997423218247,0.0,0.45,70.66348840448211,28.847485837830895
2024-01-03 07:00:00,557.2240243416672,1.9166468477749012,555.3073774938923,1.9166468477749012,0.45,249.88831987225154,30.4197760840787
2024-01-03 08:00:00,504.99254956845687,18.527067247935914,486.46548232052095,18.527067247935914,0.45,218.90946704423442,31.29352140267094
2024-01-03 09:00:00,502.4764182253793,28.207472130615685,474.2689460947636,28.207472130615685,0.45,213.42102574264362,32.49211786811057
2024-01-03 10:00:00,513.605701523745,16.598196391682453,497.00750513206253,16.598196391682453,0.45,223.65337730942815,31.846508441865765
2024-01-03 11:00:00,476.77992528240316,23.71475355038418,453.065171732019,23.71475355038418,0.45,203.87932727940856,32.81047717414737
2024-01-03 12:00:00,529.1616374591192,22.907103490450645,506.25453396866857,22.907103490450645,0.45,227.81454028590085,30.469171458153344
2024-01-03 13:00:00,510.737288559605,18.59102764293647,492.14626091666855,18.59102764293647,0.45,221.46581741250085,33.47304023756167
2024-01-03 14:00:00,533.8415052727753,30.62202751746813,503.21947775530714,30.62202751746813,0.45,226.44876498988822,32.29271074597865
2024-01-03 15:00:00,516.9470703157488,21.920597751675903,495.02647256407283,21.920597751675903,0.45,222.76191265383278,33.53349830847375
2024-01-03 16:00:00,505.1301986302753,4.9842537542709975,500.1459448760043,4.9842537542709975,0.45,225.06567519420193,30.15364718566299
2024-01-03 17:00:00,566.156778605034,7.535120632920586,558.6216579721134,7.535120632920586,0.65,363.1040776818738,31.705741259353605
2024-01-03 18:00:00,577.8379625830905,0.0,577.8379625830905,0.0,0.85,491.16226819562695,26.90660064520005
2024-01-03 19:00:00,142.6316397722791,0.0,142.6316397722791,0.0,0.85,121.23689380643724,27.62371859012554
2024-01-03 20:00:00,149.91828215001217,0.0,149.91828215001217,0.0,0.85,127.43053982751034,28.52301352904839
2024-01-03 21:00:00,164.68346042077587,0.0,164.68346042077587,0.0,0.65,107.04424927350432,26.01736637164836
2024-01-03 22:00:00,144.82179532572817,0.0,144.82179532572817,0.0,0.45,65.16980789657768,26.605484921906076
2024-01-03 23:00:00,155.82142192136504,0.0,155.82142192136504,0.0,0.45,70.11963986461427,25.844926161727926
2024-01-04 00:00:00,161.76703603244115,0.0,161.76703603244115,0.0,0.45,72.79516621459852,26.935330263850794
2024-01-04 01:00:00,146.7620224505944,0.0,146.7620224505944,0.0,0.45,66.04291010276748,26.14652589496741
2024-01-04 02:00:00,148.2535612764507,0.0,148.2535612764507,0.0,0.45,66.71410257440282,26.96499346299694
2024-01-04 03:00:00,143.64447312784787,0.0,143.64447312784787,0.0,0.45,64.64001290753154,25.903119655760104
2024-01-04 04:00:00,140.58817305492954,0.0,140.58817305492954,0.0,0.45,63.264677874718295,26.819118473929407
2024-01-04 05:00:00,151.68943341761258,0.0,151.68943341761258,0.0,0.45,68.26024503792566,28.418821795008245
2024-01-04 06:00:00,149.00044576646414,0.0,149.00044576646414,0.0,0.45,67.05020059490886,28.96147120814543
2024-01-04 07:00:00,542.6714388298952,3.506727151610692,539.1647116782846,3.506727151610692,0.45,242.62412025522806,30.2323412601651
2024-01-04 08:00:00,559.0497694068075,11.779159159334116,547.2706102474734,11.779159159334116,0.45,246.27177461136304,32.195096989958984
2024-01-04 09:00:00,479.83629565352203,13.69449077521161,466.14180487831044,13.69449077521161,0.45,209.7638121952397,32.6859580792132
2024-01-04 10:00:00,481.61535268343886,15.717894883048519,465.8974578003903,15.717894883048519,0.45,209.65385601017564,32.45918295157885
2024-01-04 11:00:00,541.3245291010811,10.793183735574697,530.5313453655065,10.793183735574697,0.45,238.7391054144779,32.72051505349165
2024-01-04 12:00:00,528.6844446163191,21.27295308450679,507.41149153181226,21.27295308450679,0.45,228.33517118931553,30.466339507282566
2024-01-04 13:00:00,496.3728567730919,17.96305232119292,478.40980445189894,17.96305232119292,0.45,215.28441200335453,32.43380543434651
2024-01-04 14:00:00,488.7963070504418,15.350968560540728,473.4453384899011,15.350968560540728,0.45,213.05040232045548,31.15631698654345
2024-01-04 15:00:00,534.2784980191011,18.85662245230599,515.4218755667952,18.85662245230599,0.45,231.93984400505784,33.684333119839664
2024-01-04 16:00:00,482.6460834357395,7.87148199151286,474.7746014442267,7.87148199151286,0.45,213.648570649902,31.46612861303102
2024-01-04 17:00:00,493.28986075714636,3.020004386319728,490.26985637082663,3.020004386319728,0.65,318.67540664103734,31.62395966814071
2024-01-04 18:00:00,528.6733697591403,0.0,528.6733697591403,0.0,0.85,449.3723642952693,31.596374300609117
2024-01-04 19:00:00,152.90290303532242,0.0,152.90290303532242,0.0,0.85,129.96746758002405,29.442759634154587
2024-01-04 20:00:00,157.50092551819657,0.0,157.50092551819657,0.0,0.85,133.87578669046707,28.653539342759505
2024-01-04 21:00:00,136.81982572305503,0.0,136.81982572305503,0.0,0.65,88.93288671998577,27.106641773463412
2024-01-04 22:00:00,153.67070182488433,0.0,153.67070182488433,0.0,0.45,69.15181582119796,26.20479309233013
2024-01-04 23:00:00,160.4363630317079,0.0,160.4363630317079,0.0,0.45,72.19636336426856,27.18812596162629
2024-01-05 00:00:00,153.71675399417998,0.0,153.71675399417998,0.0,0.45,69.172539297381,26.302383567703046
2024-01-05 01:00:00,159.58184838243776,0.0,159.58184838243776,0.0,0.45,71.811831772097,24.589803582775527
2024-01-05 02:00:00,143.5447339584405,0.0,143.5447339584405,0.0,0.45,64.59513028129822,26.487780644759685
2024-01-05 03:00:00,153.64129107794727,0.0,153.64129107794727,0.0,0.45,69.13858098507627,27.638924929617986
2024-01-05 04:00:00,145.64124850134942,0.0,145.64124850134942,0.0,0.45,65.53856182560725,27.405033769368565
2024-01-05 05:00:00,145.53463728121406,0.0,145.53463728121406,0.0,0.45,65.49058677654632,29.008611153361404
2024-01-05 06:00:00,156.95970758801917,0.0,156.95970758801917,0.0,0.45,70.63186841460863,30.78637801308716
2024-01-05 07:00:00,565.9965120588326,3.9677362938681053,562.0287757649645,3.9677362938681053,0.45,252.91294909423402,32.14188107474447
2024-01-05 08:00:00,538.7134846972801,3.361800796531315,535.3516839007489,3.361800796531315,0.45,240.908257755337,31.996793684226994
2024-01-05 09:00:00,507.053091419472,16.88903151555897,490.1640599039131,16.88903151555897,0.45,220.57382695676088,32.58472219604575
2024-01-05 10:00:00,529.5212343994383,23.42720533586115,506.0940290635771,23.42720533586115,0.45,227.7423130786097,33.399652566952405
2024-01-05 11:00:00,546.4243082505985,17.214321958099912,529.2099862924986,17.214321958099912,0.45,238.14449383162437,31.739032042854692
2024-01-05 12:00:00,479.89235861626145,16.295601351058934,463.59675726520254,16.295601351058934,0.45,208.61854076934114,32.74851760734181
2024-01-05 13:00:00,481.70072986489265,20.583786615565064,461.11694324932756,20.583786615565064,0.45,207.50262446219742,32.75575867239982
2024-01-05 14:00:00,512.722932597712,24.885649978536776,487.8372826191752,24.885649978536776,0.45,219.52677717862883,31.413262417147493
2024-01-05 15:00:00,581.581904543053,9.403554434731015,572.178350108322,9.403554434731015,0.45,257.4802575487449,32.846178541347754
2024-01-05 16:00:00,516.8825550748929,13.210960730181004,503.67159434471193,13.210960730181004,0.45,226.65221745512036,32.34080584744003
2024-01-05 17:00:00,525.9932677217317,8.515688945202363,517.4775787765294,8.515688945202363,0.65,336.36042620474416,30.158563779244353
2024-01-05 18:00:00,551.7477316776065,0.0,551.7477316776065,0.0,0.85,468.9855719259655,32.29062620385649
2024-01-05 19:00:00,146.07153620932434,0.0,146.07153620932434,0.0,0.85,124.16080577792569,29.833386286351693
2024-01-05 20:00:00,154.91896216622783,0.0,154.91896216622783,0.0,0.85,131.68111784129366,28.038231501877252
2024-01-05 21:00:00,162.59821021723403,0.0,162.59821021723403,0.0,0.65,105.68883664120212,27.476584532370996
2024-01-05 22:00:00,142.12780195280286,0.0,142.12780195280286,0.0,0.45,63.95751087876128,26.1249247325324
2024-01-05 23:00:00,145.52045066067345,0.0,145.52045066067345,0.0,0.45,65.48420279730306,24.309305139873462
2024-01-06 00:00:00,28.722088156663006,0.0,28.722088156663006,0.0,0.35,10.05273085483205,25.77783657589207
2024-01-06 01:00:00,31.028574929283707,0.0,31.028574929283707,0.0,0.35,10.860001225249297,25.23878358796061
2024-01-06 02:00:00,30.49279583012424,0.0,30.49279583012424,0.0,0.35,10.672478540543484,25.821122866325602
2024-01-06 03:00:00,30.129487866799963,0.0,30.129487866799963,0.0,0.35,10.545320753379986,24.726318001531936
2024-01-06 04:00:00,27.91699505713797,0.0,27.91699505713797,0.0,0.35,9.77094826999829,27.545327237959114
2024-01-06 05:00:00,31.21633850685095,0.0,31.21633850685095,0.0,0.35,10.925718477397831,29.899633860561657
2024-01-06 06:00:00,31.71450143703374,0.0,31.71450143703374,0.0,0.35,11.100075502961808,28.388483301743445
2024-01-06 07:00:00,105.46631835647958,8.799051286776992,96.66726706970259,8.799051286776992,0.35,33.8335434743959,31.23571726249696
2024-01-06 08:00:00,110.92182154221157,13.459682307279502,97.46213923493207,13.459682307279502,0.35,34.11174873222622,32.608776800867155
2024-01-06 09:00:00,105.8353464363649,19.986583868251824,85.84876256811307,19.986583868251824,0.35,30.047066898839574,31.368250388924107
2024-01-06 10:00:00,97.95865470427889,16.197128212745714,81.76152649153317,16.197128212745714,0.35,28.61653427203661,32.50246247848155
2024-01-06 11:00:00,104.42460901999493,27.399287845205436,77.0253211747895,27.399287845205436,0.35,26.958862411176323,33.6256915546647
2024-01-06 12:00:00,98.50026161813611,2.9662564234453885,95.53400519469072,2.9662564234453885,0.35,33.43690181814175,32.65878893420035
2024-01-06 13:00:00,100.42258663931413,10.467125892723185,89.95546074659094,10.467125892723185,0.35,31.48441126130683,31.96796587780254
2024-01-06 14:00:00,110.84320318496742,10.503802626165694,100.33940055880173,10.503802626165694,0.35,35.1187901955806,31.739433169489498
2024-01-06 15:00:00,101.37489966867693,17.917588203390512,83.45731146528642,17.917588203390512,0.35,29.210059012850245,32.13101712382785
2024-01-06 16:00:00,102.61314591560125,16.569463725024708,86.04368219057655,16.569463725024708,0.35,30.115288766701788,31.145457101845818
2024-01-06 17:00:00,117.84912605285135,5.454950347428229,112.39417570542312,5.454950347428229,0.35,39.33796149689809,30.276307265337195
2024-01-06 18:00:00,114.88947230447232,0.0,114.88947230447232,0.0,0.35,40.21131530656531,29.9793503772072
2024-01-06 19:00:00,25.757532333364352,0.0,25.757532333364352,0.0,0.35,9.015136316677523,29.060840550175108
2024-01-06 20:00:00,31.346682878087016,0.0,31.346682878087016,0.0,0.35,10.971339007330455,29.687186094167952
2024-01-06 21:00:00,28.71402183725069,0.0,28.71402183725069,0.0,0.35,10.049907643037741,28.847094603513145
2024-01-06 22:00:00,30.26277723428082,0.0,30.26277723428082,0.0,0.35,10.591972031998285,26.25817205638666
2024-01-06 23:00:00,30.015079482366907,0.0,30.015079482366907,0.0,0.35,10.505277818828416,25.100475258716788
2024-01-07 00:00:00,29.607863633050673,0.0,29.607863633050673,0.0,0.35,10.362752271567736,27.734418297790878
2024-01-07 01:00:00,27.562077367311648,0.0,27.562077367311648,0.0,0.35,9.646727078559076,27.4704793836053
2024-01-07 02:00:00,30.705743364531127,0.0,30.705743364531127,0.0,0.35,10.747010177585894,24.792994747056426
2024-01-07 03:00:00,28.675573096714466,0.0,28.675573096714466,0.0,0.35,10.036450583850062,26.661449271216213
2024-01-07 04:00:00,30.110057205147786,0.0,30.110057205147786,0.0,0.35,10.538520021801725,29.027852488631193
2024-01-07 05:00:00,31.328575987021857,0.0,31.328575987021857,0.0,0.35,10.965001595457649,29.2417449913842
2024-01-07 06:00:00,30.915835743155174,0.0,30.915835743155174,0.0,0.35,10.82054251010431,29.731768570743682
2024-01-07 07:00:00,110.93157806844148,8.48264184615734,102.44893622228415,8.48264184615734,0.35,35.85712767779945,29.35101544814441
2024-01-07 08:00:00,110.48926326628805,9.971495581423497,100.51776768486455,9.971495581423497,0.35,35.18121868970259,30.95611395879955
2024-01-07 09:00:00,101.47534414955483,10.550985824923377,90.92435832463146,10.550985824923377,0.35,31.823525413621006,32.6783108666117
2024-01-07 10:00:00,98.2549317268284,22.20268768416871,76.0522440426597,22.20268768416871,0.35,26.61828541493089,32.21336816632425
2024-01-07 11:00:00,93.7928428971483,16.165906749505815,77.62693614764248,16.165906749505815,0.35,27.169427651674866,31.59117486796065
2024-01-07 12:00:00,108.47831811242733,21.893823273521544,86.58449483890578,21.893823273521544,0.35,30.30457319361702,34.33205096144796
2024-01-07 13:00:00,107.56990312216479,2.874466117309538,104.69543700485525,2.874466117309538,0.35,36.643402951699336,33.44822543617333
2024-01-07 14:00:00,98.18206020822156,2.643305607929286,95.53875460029226,2.643305607929286,0.35,33.43856411010229,32.04911691826426
2024-01-07 15:00:00,107.82119861007023,9.982889947262477,97.83830866280775,9.982889947262477,0.35,34.24340803198271,32.56061584459169
2024-01-07 16:00:00,105.90036898950616,8.121040921693112,97.77932806781305,8.121040921693112,0.35,34.222764823734565,31.951282013208754
2024-01-07 17:00:00,100.46790741961743,7.234091012360183,93.23381640725725,7.234091012360183,0.35,32.631835742540034,28.828233883756265
2024-01-07 18:00:00,115.21237207596867,0.0,115.21237207596867,0.0,0.35,40.32433022658903,28.36290668723713
2024-01-07 19:00:00,29.675957904980574,0.0,29.675957904980574,0.0,0.35,10.3865852667432,27.121361287097297
2024-01-07 20:00:00,32.51815148496084,0.0,32.51815148496084,0.0,0.35,11.381353019736293,26.168700850170175
2024-01-07 21:00:00,26.93805185125477,0.0,26.93805185125477,0.0,0.35,9.42831814793917,26.99144005547505
2024-01-07 22:00:00,30.862876099695974,0.0,30.862876099695974,0.0,0.35,10.80200663489359,27.08924133004651
2024-01-07 23:00:00,30.18987311038433,0.0,30.18987311038433,0.0,0.35,10.566455588634515,26.283557439249694
2024-01-08 00:00:00,143.24700610498988,0.0,143.24700610498988,0.0,0.45,64.46115274724545,24.4009887392101
2024-01-08 01:00:00,145.4387053891803,0.0,145.4387053891803,0.0,0.45,65.44741742513115,28.333426428964373
2024-01-08 02:00:00,146.02539974245715,0.0,146.02539974245715,0.0,0.45,65.71142988410573,26.559293403919764
2024-01-08 03:00:00,144.8633552486141,0.0,144.8633552486141,0.0,0.45,65.18850986187635,28.326882327940353
2024-01-08 04:00:00,151.99597662115804,0.0,151.99597662115804,0.0,0.45,68.39818947952112,28.631516831718343
2024-01-08 05:00:00,153.39774625417206,0.0,153.39774625417206,0.0,0.45,69.02898581437744,29.77296031321205
2024-01-08 06:00:00,145.63842820125654,0.0,145.63842820125654,0.0,0.45,65.53729269056545,27.61340615451384
2024-01-08 07:00:00,521.3066133946751,6.0427572973746315,515.2638560973005,6.0427572973746315,0.45,231.86873524378524,30.47674525170378
2024-01-08 08:00:00,562.7115497324439,15.536302363420324,547.1752473690236,15.536302363420324,0.45,246.22886131606063,31.05705518659629
2024-01-08 09:00:00,494.26558206378843,22.498068555117186,471.76751350867124,22.498068555117186,0.45,212.29538107890207,31.94339505223308
2024-01-08 10:00:00,516.921777714395,32.21715465986178,484.7046230545333,32.21715465986178,0.45,218.11708037453997,33.43925679404624
2024-01-08 11:00:00,466.3716366507967,3.0118694026693134,463.35976724812735,3.0118694026693134,0.45,208.51189526165732,33.62366116589164
2024-01-08 12:00:00,503.0113376076773,25.914238165569927,477.0970994421074,25.914238165569927,0.45,214.69369474894833,33.15813335214766
2024-01-08 13:00:00,508.11634754118984,20.482825750360103,487.6335217908297,20.482825750360103,0.45,219.43508480587337,33.14856776284201
2024-01-08 14:00:00,464.2283696037267,25.355022595248347,438.8733470084784,25.355022595248347,0.45,197.4930061538153,32.66080640378995
2024-01-08 15:00:00,502.1960078085161,15.33671539532865,486.8592924131874,15.33671539532865,0.45,219.08668158593434,31.114372815179312
2024-01-08 16:00:00,503.7376601851092,10.87233040624917,492.86532977886003,10.87233040624917,0.45,221.78939840048702,32.797396252030296
2024-01-08 17:00:00,548.228164477267,3.612674669109104,544.6154898081579,3.612674669109104,0.65,354.00006837530265,30.405778611573556
2024-01-08 18:00:00,576.5206036217094,0.0,576.5206036217094,0.0,0.85,490.04251307845294,26.91012529738782
2024-01-08 19:00:00,154.87005549644957,0.0,154.87005549644957,0.0,0.85,131.63954717198212,29.918530612680033
2024-01-08 20:00:00,130.6134176321263,0.0,130.6134176321263,0.0,0.85,111.02140498730735,28.154892081695035
2024-01-08 21:00:00,142.69294212411444,0.0,142.69294212411444,0.0,0.65,92.75041238067439,26.558264517580902
2024-01-08 22:00:00,148.6009622675562,0.0,148.6009622675562,0.0,0.45,66.8704330204003,24.743003199997915
2024-01-08 23:00:00,163.9244577906662,0.0,163.9244577906662,0.0,0.45,73.7660060057998,26.681552891970746
2024-01-09 00:00:00,144.6570268345891,0.0,144.6570268345891,0.0,0.45,65.09566207556509,24.752353695526388
2024-01-09 01:00:00,154.46111831805717,0.0,154.46111831805717,0.0,0.45,69.50750324312573,24.350988827321604
2024-01-09 02:00:00,157.81843463278454,0.0,157.81843463278454,0.0,0.45,71.01829558475305,26.233754440520528
2024-01-09 03:00:00,151.07256834234238,0.0,151.07256834234238,0.0,0.45,67.98265575405408,27.49822888178424
2024-01-09 04:00:00,162.48020450420532,0.0,162.48020450420532,0.0,0.45,73.11609202689239,26.397073403855774
2024-01-09 05:00:00,163.6430333548769,0.0,163.6430333548769,0.0,0.45,73.63936500969461,29.244937287594887
2024-01-09 06:00:00,149.61206200907353,0.0,149.61206200907353,0.0,0.45,67.32542790408309,29.799559709697157
2024-01-09 07:00:00,560.6467314174092,5.510074191148854,555.1366572262604,5.510074191148854,0.45,249.81149575181718,29.501498553278395
2024-01-09 08:00:00,521.4794363984855,10.403732104699182,511.0757042937863,10.403732104699182,0.45,229.98406693220386,32.668561945387964
2024-01-09 09:00:00,489.46204753811725,26.86018113787533,462.60186640024193,26.86018113787533,0.45,208.17083988010887,32.05667940417013
2024-01-09 10:00:00,507.0684594030889,21.456871837104707,485.6115875659842,21.456871837104707,0.45,218.52521440469292,33.0057836471584
2024-01-09 11:00:00,482.0950148867914,34.79440391907699,447.30061096771436,34.79440391907699,0.45,201.28527493547148,32.296812526921606
2024-01-09 12:00:00,513.6794599866994,10.429732450185437,503.24972753651394,10.429732450185437,0.45,226.4623773914313,31.917336484079556
2024-01-09 13:00:00,526.7626909922366,8.522950023984809,518.2397409682518,8.522950023984809,0.45,233.2078834357133,32.72980970500834
2024-01-09 14:00:00,523.553590020491,14.182789150583023,509.370800869908,14.182789150583023,0.45,229.2168603914586,33.03071917190583
2024-01-09 15:00:00,502.70297886530415,3.7473899749400865,498.9555888903641,3.7473899749400865,0.45,224.53001500066384,32.80223389456805
2024-01-09 16:00:00,509.680305322014,10.106587120375705,499.5737182016383,10.106587120375705,0.45,224.80817319073725,30.205276011668758
2024-01-09 17:00:00,553.5997847849217,7.846004474397317,545.7537803105243,7.846004474397317,0.65,354.73995720184087,29.103717908155616
2024-01-09 18:00:00,584.824140527089,0.0,584.824140527089,0.0,0.85,497.1005194480256,29.558050757292026
2024-01-09 19:00:00,143.71934513447226,0.0,143.71934513447226,0.0,0.85,122.16144336430142,27.791428165725637
2024-01-09 20:00:00,150.72524235526575,0.0,150.72524235526575,0.0,0.85,128.11645600197588,29.27406530225536
2024-01-09 21:00:00,176.50448944115035,0.0,176.50448944115035,0.0,0.65,114.72791813674773,26.427139319338387
2024-01-09 22:00:00,149.10997260215936,0.0,149.10997260215936,0.0,0.45,67.09948767097171,26.173811718965197
2024-01-09 23:00:00,148.67941531864906,0.0,148.67941531864906,0.0,0.45,66.90573689339207,26.33882719709172
2024-01-10 00:00:00,140.19702612920864,0.0,140.19702612920864,0.0,0.45,63.088661758143886,26.331290558536057
2024-01-10 01:00:00,148.572916448611,0.0,148.572916448611,0.0,0.45,66.85781240187495,26.000996535786165
2024-01-10 02:00:00,146.31230549162564,0.0,146.31230549162564,0.0,0.45,65.84053747123154,25.922041964041153
2024-01-10 03:00:00,145.02390825613588,0.0,145.02390825613588,0.0,0.45,65.26075871526115,27.680487457307144
2024-01-10 04:00:00,158.72989374295256,0.0,158.72989374295256,0.0,0.45,71.42845218432865,26.7909846699826
2024-01-10 05:00:00,146.91414956838554,0.0,146.91414956838554,0.0,0.45,66.1113673057735,27.9462300523767
2024-01-10 06:00:00,151.93965126057614,0.0,151.93965126057614,0.0,0.45,68.37284306725927,30.620508169231588
2024-01-10 07:00:00,524.2144989462527,5.301869733468994,518.9126292127837,5.301869733468994,0.45,233.51068314575267,29.535563352791414
2024-01-10 08:00:00,544.379064100995,6.608534639399116,537.770529461596,6.608534639399116,0.45,241.9967382577182,30.27969486957828
2024-01-10 09:00:00,526.5303160308466,29.83132748925302,496.6989885415936,29.83132748925302,0.45,223.51454484371715,32.848006765012975
2024-01-10 10:00:00,508.2623804457275,15.69704201459788,492.56533843112965,15.69704201459788,0.45,221.65440229400835,32.45035169357693
2024-01-10 11:00:00,488.1936360144864,15.538739101748929,472.65489691273746,15.538739101748929,0.45,212.69470361073186,31.649202610152454
2024-01-10 12:00:00,485.15909295016826,19.330626841121035,465.8284661090472,19.330626841121035,0.45,209.62280974907125,33.310255144146865
2024-01-10 13:00:00,511.18537555720786,5.7174646060561995,505.4679109511517,5.7174646060561995,0.45,227.46055992801826,33.36827866999499
2024-01-10 14:00:00,501.5466852370932,21.458268864550938,480.08841637254227,21.458268864550938,0.45,216.03978736764404,32.89053669101639
2024-01-10 15:00:00,529.9657760277754,24.237110286589466,505.7286657411859,24.237110286589466,0.45,227.57789958353368,30.843526838716873
2024-01-10 16:00:00,497.3097056705983,16.63637193007345,480.67333374052487,16.63637193007345,0.45,216.3030001832362,31.609784550087387
2024-01-10 17:00:00,589.5015318809697,2.9583136999955095,586.5432181809741,2.9583136999955095,0.65,381.2530918176332,30.56166941888809
2024-01-10 18:00:00,525.7803888098942,0.0,525.7803888098942,0.0,0.85,446.9133304884101,29.394919523538203
2024-01-10 19:00:00,152.25333712242545,0.0,152.25333712242545,0.0,0.85,129.41533655406164,28.29069898682497
2024-01-10 20:00:00,139.57133276082536,0.0,139.57133276082536,0.0,0.85,118.63563284670155,28.878222865361842
2024-01-10 21:00:00,147.99223556249524,0.0,147.99223556249524,0.0,0.65,96.19495311562191,26.425824667125813
2024-01-10 22:00:00,151.92356787486406,0.0,151.92356787486406,0.0,0.45,68.36560554368883,24.802646047900705
2024-01-10 23:00:00,145.16216223936456,0.0,145.16216223936456,0.0,0.45,65.32297300771405,26.039780085021
2024-01-11 00:00:00,156.13697845318174,0.0,156.13697845318174,0.0,0.45,70.26164030393178,25.66174874374745
2024-01-11 01:00:00,145.70085374695427,0.0,145.70085374695427,0.0,0.45,65.56538418612942,25.52579436732018
2024-01-11 02:00:00,153.66094874516733,0.0,153.66094874516733,0.0,0.45,69.1474269353253,26.894135606889552
2024-01-11 03:00:00,141.3611304236493,0.0,141.3611304236493,0.0,0.45,63.612508690642194,26.049946627706085
2024-01-11 04:00:00,142.61986304365138,0.0,142.61986304365138,0.0,0.45,64.17893836964312,26.64086642454848
2024-01-11 05:00:00,153.86559575835105,0.0,153.86559575835105,0.0,0.45,69.23951809125798,27.603117732198918
2024-01-11 06:00:00,164.92395972877733,0.0,164.92395972877733,0.0,0.45,74.21578187794981,29.312829048670526
2024-01-11 07:00:00,505.1479259834519,6.9765162113341574,498.1714097721177,6.9765162113341574,0.45,224.177134397453,30.819100846435152
2024-01-11 08:00:00,547.8558239746122,13.116835732233447,534.7389882423788,13.116835732233447,0.45,240.63254470907046,31.68341749062456
2024-01-11 09:00:00,499.4514700573386,4.813742070972299,494.6377279863663,4.813742070972299,0.45,222.58697759386484,33.971282244309904
2024-01-11 10:00:00,495.883335425364,8.123193099832326,487.76014232553166,8.123193099832326,0.45,219.49206404648925,33.20876401926596
2024-01-11 11:00:00,502.36935949165746,40.245200145856934,462.12415934580054,40.245200145856934,0.45,207.95587170561024,32.529498713766685
2024-01-11 12:00:00,570.2339957923344,18.82724324893791,551.4067525433966,18.82724324893791,0.45,248.13303864452845,35.55927685617729
2024-01-11 13:00:00,489.9453135772635,7.439310693197532,482.506002884066,7.439310693197532,0.45,217.1277012978297,32.87893841083356
2024-01-11 14:00:00,552.2768363788427,28.510392731328817,523.7664436475139,28.510392731328817,0.45,235.69489964138128,32.19579402370075
2024-01-11 15:00:00,522.8804264619852,8.155885730652857,514.7245407313324,8.155885730652857,0.45,231.62604332909956,32.133708696476816
2024-01-11 16:00:00,520.1900372407661,9.168145282806712,511.0218919579593,9.168145282806712,0.45,229.9598513810817,29.69225385472375
2024-01-11 17:00:00,536.0493320012154,8.26393971022823,527.7853922909871,8.26393971022823,0.65,343.06050498914163,29.513461442141473
2024-01-11 18:00:00,563.0546996770059,0.0,563.0546996770059,0.0,0.85,478.59649472545505,30.346974592043097
2024-01-11 19:00:00,143.13344401572343,0.0,143.13344401572343,0.0,0.85,121.66342741336491,28.804776027110787
2024-01-11 20:00:00,155.46472302430527,0.0,155.46472302430527,0.0,0.85,132.14501457065947,27.16796234728283
2024-01-11 21:00:00,141.95903437058007,0.0,141.95903437058007,0.0,0.65,92.27337234087705,27.069253813195846
2024-01-11 22:00:00,156.5890249408881,0.0,156.5890249408881,0.0,0.45,70.46506122339964,28.208054452080148
2024-01-11 23:00:00,145.8301305395706,0.0,145.8301305395706,0.0,0.45,65.62355874280678,25.13372271457856
2024-01-12 00:00:00,144.20426092829206,0.0,144.20426092829206,0.0,0.45,64.89191741773143,27.151744628018445
2024-01-12 01:00:00,152.6977830343134,0.0,152.6977830343134,0.0,0.45,68.71400236544103,27.782411475888452
2024-01-12 02:00:00,146.6993109398511,0.0,146.6993109398511,0.0,0.45,66.014689922933,26.917148294050218
2024-01-12 03:00:00,166.91198088734856,0.0,166.91198088734856,0.0,0.45,75.11039139930685,26.928359069049925
2024-01-12 04:00:00,155.88756636883147,0.0,155.88756636883147,0.0,0.45,70.14940486597416,27.3576316256084
2024-01-12 05:00:00,151.23094688524944,0.0,151.23094688524944,0.0,0.45,68.05392609836225,25.621309008303168
2024-01-12 06:00:00,149.93961045765576,0.0,149.93961045765576,0.0,0.45,67.4728247059451,28.408729463061743
2024-01-12 07:00:00,553.9142638568474,7.121721130826794,546.7925427260205,7.121721130826794,0.45,246.05664422670924,29.99199773312092
2024-01-12 08:00:00,533.141944656397,3.6162716255725647,529.5256730308244,3.6162716255725647,0.45,238.28655286387095,29.833950799909484
2024-01-12 09:00:00,508.7652366799138,16.876479313116025,491.8887573667978,16.876479313116025,0.45,221.349940815059,30.60625090004007
2024-01-12 10:00:00,454.8349572005787,29.929841982273345,424.90511521830535,29.929841982273345,0.45,191.20730184823742,32.95560470629051
2024-01-12 11:00:00,485.74109607845253,16.332012717144515,469.40908336130803,16.332012717144515,0.45,211.23408751258862,32.86002448646088
2024-01-12 12:00:00,493.6077991906545,24.138266357561264,469.46953283309324,24.138266357561264,0.45,211.26128977489196,31.81985732258236
2024-01-12 13:00:00,539.5413385429233,17.27938815415435,522.2619503887689,17.27938815415435,0.45,235.01787767494602,32.75891052725581
2024-01-12 14:00:00,517.6528773444601,21.005604144102318,496.64727320035774,21.005604144102318,0.45,223.491272940161,34.575074832882024
2024-01-12 15:00:00,524.6678017224299,12.316992649446103,512.3508090729838,12.316992649446103,0.45,230.5578640828427,30.267944396637773
2024-01-12 16:00:00,499.97202645956855,12.394550149628904,487.57747630993964,12.394550149628904,0.45,219.40986433947285,32.77786752289086
2024-01-12 17:00:00,522.4926582265476,10.522801519197369,511.9698567073503,10.522801519197369,0.65,332.7804068597777,29.49906201447614
2024-01-12 18:00:00,620.5743181578725,0.0,620.5743181578725,0.0,0.85,527.4881704341916,29.193654165025972
2024-01-12 19:00:00,137.51306246703453,0.0,137.51306246703453,0.0,0.85,116.88610309697934,27.359490370931105
2024-01-12 20:00:00,146.57250868443975,0.0,146.57250868443975,0.0,0.85,124.58663238177378,26.183169045371788
2024-01-12 21:00:00,159.59452581374723,0.0,159.59452581374723,0.0,0.65,103.7364417789357,26.22265677386585
2024-01-12 22:00:00,158.5895094788168,0.0,158.5895094788168,0.0,0.45,71.36527926546756,26.758682583231455
2024-01-12 23:00:00,162.63575673584668,0.0,162.63575673584668,0.0,0.45,73.18609053113101,27.485113214184473
2024-01-13 00:00:00,28.59547893684363,0.0,28.59547893684363,0.0,0.35,10.00841762789527,23.238616737313897
2024-01-13 01:00:00,31.311759720676562,0.0,31.311759720676562,0.0,0.35,10.959115902236796,26.568910442573436
2024-01-13 02:00:00,30.945844859023342,0.0,30.945844859023342,0.0,0.35,10.83104570065817,25.41157503647472
2024-01-13 03:00:00,30.53765557428667,0.0,30.53765557428667,0.0,0.35,10.688179451000334,25.80750730125952
2024-01-13 04:00:00,29.335987940825635,0.0,29.335987940825635,0.0,0.35,10.267595779288971,28.33457570242911
2024-01-13 05:00:00,28.76468035869809,0.0,28.76468035869809,0.0,0.35,10.067638125544331,27.538300046761663
2024-01-13 06:00:00,31.109073408760914,0.0,31.109073408760914,0.0,0.35,10.88817569306632,29.017157590241588
2024-01-13 07:00:00,109.2161733788349,10.339333535633429,98.87683984320147,10.339333535633429,0.35,34.60689394512051,30.75907130326544
2024-01-13 08:00:00,109.16685250834551,5.0975554436309976,104.06929706471452,5.0975554436309976,0.35,36.42425397265008,29.739423204691356
2024-01-13 09:00:00,100.58385509435766,29.97467412653116,70.6091809678265,29.97467412653116,0.35,24.713213338739276,31.260106515396885
2024-01-13 10:00:00,100.78286089265103,12.822709387779973,87.96015150487105,12.822709387779973,0.35,30.786053026704867,30.951365657121027
2024-01-13 11:00:00,104.6716150537445,16.143688879495553,88.52792617424895,16.143688879495553,0.35,30.98477416098713,35.95569714482975
2024-01-13 12:00:00,101.36204387560413,22.753067806593595,78.60897606901054,22.753067806593595,0.35,27.513141624153686,32.11763939481407
2024-01-13 13:00:00,100.25949830764506,22.872631056007595,77.38686725163747,22.872631056007595,0.35,27.085403538073113,32.77314178869581
2024-01-13 14:00:00,96.79709438843665,22.624317232955484,74.17277715548116,22.624317232955484,0.35,25.960472004418403,31.7079512491936
2024-01-13 15:00:00,103.99064610833918,8.78079063866163,95.20985546967755,8.78079063866163,0.35,33.32344941438714,32.7840338490932
2024-01-13 16:00:00,98.37153195095084,7.4636102656283905,90.90792168532245,7.4636102656283905,0.35,31.817772589862855,30.856575066140596
2024-01-13 17:00:00,110.04824652043659,6.27909480302818,103.76915171740842,6.27909480302818,0.35,36.319203101092945,31.172809079912078
2024-01-13 18:00:00,119.14136575437512,0.0,119.14136575437512,0.0,0.35,41.699478014031286,30.575823884036083
2024-01-13 19:00:00,28.791433366491802,0.0,28.791433366491802,0.0,0.35,10.07700167827213,28.750400622997542
2024-01-13 20:00:00,29.325199419997446,0.0,29.325199419997446,0.0,0.35,10.263819796999105,29.277433191120537
2024-01-13 21:00:00,30.735419424686633,0.0,30.735419424686633,0.0,0.35,10.75739679864032,27.966534485176382
2024-01-13 22:00:00,31.233133912575365,0.0,31.233133912575365,0.0,0.35,10.931596869401377,27.205044348033642
2024-01-13 23:00:00,28.698975281289155,0.0,28.698975281289155,0.0,0.35,10.044641348451204,25.425288439469035
2024-01-14 00:00:00,30.8911746914973,0.0,30.8911746914973,0.0,0.35,10.811911142024055,27.713306716142476
2024-01-14 01:00:00,31.829789984134873,0.0,31.829789984134873,0.0,0.35,11.140426494447205,26.54053252582814
2024-01-14 02:00:00,32.070881176400796,0.0,32.070881176400796,0.0,0.35,11.224808411740279,26.88993188807954
2024-01-14 03:00:00,29.023128597259703,0.0,29.023128597259703,0.0,0.35,10.158095009040895,26.754410645251347
2024-01-14 04:00:00,30.684643440929914,0.0,30.684643440929914,0.0,0.35,10.739625204325469,28.698091296177
2024-01-14 05:00:00,31.349927541608377,0.0,31.349927541608377,0.0,0.35,10.97247463956293,28.608740924084977
2024-01-14 06:00:00,30.20810633663656,0.0,30.20810633663656,0.0,0.35,10.572837217822796,29.84048945269036
2024-01-14 07:00:00,109.07489060233574,7.413088435610555,101.66180216672518,7.413088435610555,0.35,35.58163075835381,30.696266053393384
2024-01-14 08:00:00,111.77216658312106,10.018318497111476,101.75384808600958,10.018318497111476,0.35,35.61384683010335,31.96444354235409
2024-01-14 09:00:00,107.59738451152698,17.9032603511658,89.69412416036118,17.9032603511658,0.35,31.392943456126414,32.82763815381227
2024-01-14 10:00:00,113.31140019300844,12.202487614758718,101.10891257824971,12.202487614758718,0.35,35.388119402387396,31.234964747379507
2024-01-14 11:00:00,96.33028253775676,25.371810798551014,70.95847173920575,25.371810798551014,0.35,24.835465108722012,32.96345890650789
2024-01-14 12:00:00,100.29399668871807,18.43695846058033,81.85703822813774,18.43695846058033,0.35,28.649963379848206,34.14403986507591
2024-01-14 13:00:00,100.30644463277348,21.20111480941614,79.10532982335734,21.20111480941614,0.35,27.686865438175065,33.68978242775935
2024-01-14 14:00:00,96.7926211952402,12.932101386407993,83.86051980883221,12.932101386407993,0.35,29.351181933091272,34.92637200791372
2024-01-14 15:00:00,99.72253601765863,10.303670327639466,89.41886569001916,10.303670327639466,0.35,31.296602991506703,31.7113105699061
2024-01-14 16:00:00,107.3430985698712,15.043999567660464,92.29909900221074,15.043999567660464,0.35,32.30468465077376,31.259943510750816
2024-01-14 17:00:00,114.12016126993379,5.054342180074655,109.06581908985913,5.054342180074655,0.35,38.1730366814507,30.174994052798276
2024-01-14 18:00:00,113.64044919941837,0.0,113.64044919941837,0.0,0.35,39.77415721979643,28.40400707845476
2024-01-14 19:00:00,32.16308542560572,0.0,32.16308542560572,0.0,0.35,11.257079898962003,27.948016366639823
2024-01-14 20:00:00,32.07189839769299,0.0,32.07189839769299,0.0,0.35,11.225164439192547,26.325239726855955
2024-01-14 21:00:00,29.993019643278426,0.0,29.993019643278426,0.0,0.35,10.497556875147449,27.292383014991607
2024-01-14 22:00:00,30.80151098848826,0.0,30.80151098848826,0.0,0.35,10.78052884597089,25.637578532707163
2024-01-14 23:00:00,30.579455440097924,0.0,30.579455440097924,0.0,0.35,10.702809404034273,26.369207188041102
2024-01-15 00:00:00,147.31514821008065,0.0,147.31514821008065,0.0,0.45,66.2918166945363,27.82014592906527
2024-01-15 01:00:00,145.64204236733474,0.0,145.64204236733474,0.0,0.45,65.53891906530063,24.975548457515586
2024-01-15 02:00:00,153.4232272023789,0.0,153.4232272023789,0.0,0.45,69.04045224107051,27.16668405822232
2024-01-15 03:00:00,144.20104295759563,0.0,144.20104295759563,0.0,0.45,64.89046933091804,26.045644676173545
2024-01-15 04:00:00,147.24103672368116,0.0,147.24103672368116,0.0,0.45,66.25846652565653,26.737137355694248
2024-01-15 05:00:00,152.48408837352073,0.0,152.48408837352073,0.0,0.45,68.61783976808434,28.277241470849436
2024-01-15 06:00:00,152.20316183608878,0.0,152.20316183608878,0.0,0.45,68.49142282623995,28.741250499969397
2024-01-15 07:00:00,558.487432862536,4.961416670804453,553.5260161917316,4.961416670804453,0.45,249.08670728627925,29.95252422585771
2024-01-15 08:00:00,590.5172253632586,12.459750187048948,578.0574751762097,12.459750187048948,0.45,260.12586382929436,31.894600920786147
2024-01-15 09:00:00,504.4579613671025,11.551104519453235,492.90685684764924,11.551104519453235,0.45,221.80808558144216,32.26821504924386
2024-01-15 10:00:00,520.0047665438725,20.817289365211273,499.18747717866125,20.817289365211273,0.45,224.63436473039758,31.140211435283042
2024-01-15 11:00:00,499.5652811959766,6.981771059474043,492.5835101365025,6.981771059474043,0.45,221.66257956142613,33.36177023385693
2024-01-15 12:00:00,515.279008398582,27.723310268420853,487.5556981301612,27.723310268420853,0.45,219.40006415857255,35.07889335463711
2024-01-15 13:00:00,485.4882332020144,17.791481880652643,467.6967513213617,17.791481880652643,0.45,210.46353809461277,33.44481328166583
2024-01-15 14:00:00,499.205440284067,16.65921145295025,482.5462288311167,16.65921145295025,0.45,217.14580297400252,32.471286076070406
2024-01-15 15:00:00,514.4242219826621,19.524658166956016,494.8995638157061,19.524658166956016,0.45,222.70480371706773,30.88686101675611
2024-01-15 16:00:00,526.9521734430172,15.378109014163615,511.57406442885355,15.378109014163615,0.45,230.2083289929841,31.119965634462147
2024-01-15 17:00:00,570.963237904482,9.08212651921548,561.8811113852664,9.08212651921548,0.65,365.2227224004232,31.419864194250007
2024-01-15 18:00:00,596.1524149443106,0.0,596.1524149443106,0.0,0.85,506.729552702664,30.04472480690442
2024-01-15 19:00:00,154.64844080305173,0.0,154.64844080305173,0.0,0.85,131.45117468259397,29.640776583557358
2024-01-15 20:00:00,157.44414728913654,0.0,157.44414728913654,0.0,0.85,133.82752519576604,28.822389077432362
2024-01-15 21:00:00,163.58195932667007,0.0,163.58195932667007,0.0,0.65,106.32827356233555,25.5813490159694
2024-01-15 22:00:00,156.90341364317405,0.0,156.90341364317405,0.0,0.45,70.60653613942833,26.998068668915362
2024-01-15 23:00:00,133.97517065327932,0.0,133.97517065327932,0.0,0.45,60.288826793975694,25.6935754973695
2024-01-16 00:00:00,153.11572568073137,0.0,153.11572568073137,0.0,0.45,68.90207655632912,25.938871145636753
2024-01-16 01:00:00,161.25652065865393,0.0,161.25652065865393,0.0,0.45,72.56543429639427,27.2323138778911
2024-01-16 02:00:00,146.82378543479513,0.0,146.82378543479513,0.0,0.45,66.07070344565781,26.48441214046499
2024-01-16 03:00:00,148.74843543370386,0.0,148.74843543370386,0.0,0.45,66.93679594516674,26.564941074877712
2024-01-16 04:00:00,156.51131105566762,0.0,156.51131105566762,0.0,0.45,70.43008997505044,27.811346420584307
2024-01-16 05:00:00,153.46273011582807,0.0,153.46273011582807,0.0,0.45,69.05822855212263,30.64938231873583
2024-01-16 06:00:00,142.0355206420112,0.0,142.0355206420112,0.0,0.45,63.91598428890504,29.1361660999837
2024-01-16 07:00:00,579.1688010637206,5.56723639738333,573.6015646663373,5.56723639738333,0.45,258.12070409985176,30.83209739692381
2024-01-16 08:00:00,593.8260382936568,4.9599715331303695,588.8660667605265,4.9599715331303695,0.45,264.9897300422369,31.301757333013022
2024-01-16 09:00:00,534.887859533792,11.264009974395627,523.6238495593964,11.264009974395627,0.45,235.6307323017284,32.26207967841857
2024-01-16 10:00:00,515.5078037915015,2.6226281283733672,512.8851756631282,2.6226281283733672,0.45,230.79832904840768,33.94962055391853
2024-01-16 11:00:00,465.8311027219155,42.43260598182491,423.3984967400906,42.43260598182491,0.45,190.52932353304078,31.488516987519667
2024-01-16 12:00:00,494.1890349777844,9.996913884128503,484.1921210936559,9.996913884128503,0.45,217.88645449214516,33.42194741091466
2024-01-16 13:00:00,495.7223875162679,10.82262533621346,484.89976218005444,10.82262533621346,0.45,218.2048929810245,31.717656833837026
2024-01-16 14:00:00,500.67287329509867,28.619567056451142,472.0533062386475,28.619567056451142,0.45,212.42398780739137,32.48478027840113
2024-01-16 15:00:00,505.2013612339434,20.76772567450833,484.43363555943506,20.76772567450833,0.45,217.99513600174578,31.621210402935525
2024-01-16 16:00:00,558.6891389998862,12.722985352002631,545.9661536478835,12.722985352002631,0.45,245.68476914154758,30.997365268721456
2024-01-16 17:00:00,574.8679438647792,5.788063622848384,569.0798802419308,5.788063622848384,0.65,369.90192215725506,30.021493395195506
2024-01-16 18:00:00,549.2316521886063,0.0,549.2316521886063,0.0,0.85,466.8469043603153,29.536086230517896
2024-01-16 19:00:00,168.7433561903403,0.0,168.7433561903403,0.0,0.85,143.43185276178926,28.706632658330435
2024-01-16 20:00:00,148.66929143923213,0.0,148.66929143923213,0.0,0.85,126.3688977233473,28.04570266512346
2024-01-16 21:00:00,153.29949184808413,0.0,153.29949184808413,0.0,0.65,99.64466970125468,28.063489365110133
2024-01-16 22:00:00,151.13130788961544,0.0,151.13130788961544,0.0,0.45,68.00908855032695,27.34949590430677
2024-01-16 23:00:00,149.04670598652757,0.0,149.04670598652757,0.0,0.45,67.0710176939374,26.09140155827253
2024-01-17 00:00:00,159.26640932645586,0.0,159.26640932645586,0.0,0.45,71.66988419690514,25.594190770626533
2024-01-17 01:00:00,158.71740667693302,0.0,158.71740667693302,0.0,0.45,71.42283300461986,24.85481839278893
2024-01-17 02:00:00,155.23913308991442,0.0,155.23913308991442,0.0,0.45,69.85760989046149,27.224714052277584
2024-01-17 03:00:00,163.6162750967394,0.0,163.6162750967394,0.0,0.45,73.62732379353274,25.73761749016503
2024-01-17 04:00:00,148.387737624664,0.0,148.387737624664,0.0,0.45,66.7744819310988,27.465931200658854
2024-01-17 05:00:00,138.5583130459553,0.0,138.5583130459553,0.0,0.45,62.35124087067988,28.72281552285571
2024-01-17 06:00:00,154.2930376512495,0.0,154.2930376512495,0.0,0.45,69.43186694306227,30.048579534324027
2024-01-17 07:00:00,512.5235196528249,8.531259165746985,503.99226048707794,8.531259165746985,0.45,226.7965172191851,30.974789922955864
2024-01-17 08:00:00,591.567260453233,2.9107683492908767,588.6564921039421,2.9107683492908767,0.45,264.895421446774,29.092662986014567
2024-01-17 09:00:00,462.89480562183746,18.427536392819267,444.4672692290182,18.427536392819267,0.45,200.0102711530582,30.60775591887402
2024-01-17 10:00:00,526.6747533066603,6.835027018667086,519.8397262879931,6.835027018667086,0.45,233.92787682959693,31.569248865041143
2024-01-17 11:00:00,458.59799076690734,28.51066812726126,430.08732263964606,28.51066812726126,0.45,193.53929518784074,33.31278479190734
2024-01-17 12:00:00,497.2876106463209,6.53551349109177,490.75209715522914,6.53551349109177,0.45,220.8384437198531,34.237448738089526
2024-01-17 13:00:00,480.5857580502755,17.832310047108773,462.75344800316674,17.832310047108773,0.45,208.23905160142505,31.647352208575946
2024-01-17 14:00:00,498.523852946959,14.545659777931482,483.9781931690275,14.545659777931482,0.45,217.79018692606238,32.90261606346009
2024-01-17 15:00:00,481.1261501541787,16.281201910388248,464.84494824379044,16.281201910388248,0.45,209.1802267097057,31.92260568647391
2024-01-17 16:00:00,538.5347099363261,11.982562812361017,526.552147123965,11.982562812361017,0.45,236.94846620578426,33.16859307029472
2024-01-17 17:00:00,563.1161043148704,3.9154443427687236,559.2006599721017,3.9154443427687236,0.65,363.4804289818661,30.36693403222594
2024-01-17 18:00:00,550.2715681038757,0.0,550.2715681038757,0.0,0.85,467.7308328882943,30.22415549098523
2024-01-17 19:00:00,150.84573776966022,0.0,150.84573776966022,0.0,0.85,128.21887710421117,28.695976390348626
2024-01-17 20:00:00,168.6333268521713,0.0,168.6333268521713,0.0,0.85,143.3383278243456,28.119489111628
2024-01-17 21:00:00,150.8501602571288,0.0,150.8501602571288,0.0,0.65,98.05260416713372,26.2577028609653
2024-01-17 22:00:00,135.74353504239636,0.0,135.74353504239636,0.0,0.45,61.08459076907836,25.600195454453722
2024-01-17 23:00:00,155.23381194708315,0.0,155.23381194708315,0.0,0.45,69.85521537618742,26.004311675837766
2024-01-18 00:00:00,140.07641151235416,0.0,140.07641151235416,0.0,0.45,63.03438518055937,26.184781451175784
2024-01-18 01:00:00,150.76036764409224,0.0,150.76036764409224,0.0,0.45,67.84216543984151,24.568474367114646
2024-01-18 02:00:00,158.75578682038102,0.0,158.75578682038102,0.0,0.45,71.44010406917145,25.890089912642775
2024-01-18 03:00:00,150.3832325000357,0.0,150.3832325000357,0.0,0.45,67.67245462501606,27.498918931288532
2024-01-18 04:00:00,155.7230579327385,0.0,155.7230579327385,0.0,0.45,70.07537606973233,27.69211344375722
2024-01-18 05:00:00,151.83070267611416,0.0,151.83070267611416,0.0,0.45,68.32381620425137,28.669078444754295
2024-01-18 06:00:00,139.31512969541723,0.0,139.31512969541723,0.0,0.45,62.691808362937756,30.52842131154395
2024-01-18 07:00:00,522.9422010475856,10.30037641579111,512.6418246317945,10.30037641579111,0.45,230.68882108430753,28.48078320426746
2024-01-18 08:00:00,553.1481466663197,10.019703904568566,543.1284427617511,10.019703904568566,0.45,244.407799242788,29.586975931045743
2024-01-18 09:00:00,548.3852950726963,26.986646309204573,521.3986487634917,26.986646309204573,0.45,234.62939194357125,31.00333714937787
2024-01-18 10:00:00,516.2762053400768,11.372385538050944,504.90381980202585,11.372385538050944,0.45,227.20671891091163,31.822037121899935
2024-01-18 11:00:00,553.2438987830593,15.456277661818417,537.7876211212409,15.456277661818417,0.45,242.00442950455843,32.865432787492836
2024-01-18 12:00:00,513.6181367728657,32.641575752438726,480.97656102042697,32.641575752438726,0.45,216.43945245919215,32.6858727497585
2024-01-18 13:00:00,479.03809133305765,15.791861877163184,463.2462294558945,15.791861877163184,0.45,208.4608032551525,31.63139114968611
2024-01-18 14:00:00,516.1276059994918,24.35162997612127,491.77597602337056,24.35162997612127,0.45,221.29918921051674,34.3936113150315
2024-01-18 15:00:00,567.1093533223429,19.856258259122875,547.25309506322,19.856258259122875,0.45,246.26389277844902,32.06855368637437
2024-01-18 16:00:00,494.85762680961005,13.672778791139262,481.1848480184708,13.672778791139262,0.45,216.53318160831188,30.61228012885987
2024-01-18 17:00:00,498.1365491595996,4.630350914087912,493.5061982455117,4.630350914087912,0.65,320.77902885958264,28.87162136757119
2024-01-18 18:00:00,621.7664099098698,0.0,621.7664099098698,0.0,0.85,528.5014484233893,30.06128928985576
2024-01-18 19:00:00,162.37252099651224,0.0,162.37252099651224,0.0,0.85,138.0166428470354,29.5961651806094
2024-01-18 20:00:00,154.19658640672424,0.0,154.19658640672424,0.0,0.85,131.0670984457156,28.195128662223553
2024-01-18 21:00:00,150.77164822473316,0.0,150.77164822473316,0.0,0.65,98.00157134607656,27.184425623641012
2024-01-18 22:00:00,158.05403061513076,0.0,158.05403061513076,0.0,0.45,71.12431377680885,26.409019220475326
2024-01-18 23:00:00,136.048611758742,0.0,136.048611758742,0.0,0.45,61.2218752914339,25.991712565667235
2024-01-19 00:00:00,156.86376833264916,0.0,156.86376833264916,0.0,0.45,70.58869574969212,26.607654268776688
2024-01-19 01:00:00,152.36251985171293,0.0,152.36251985171293,0.0,0.45,68.56313393327082,27.13701548828259
2024-01-19 02:00:00,152.21648237799434,0.0,152.21648237799434,0.0,0.45,68.49741707009746,26.54132594618482
2024-01-19 03:00:00,149.9954487073039,0.0,149.9954487073039,0.0,0.45,67.49795191828676,26.044946837595024
2024-01-19 04:00:00,154.943647029272,0.0,154.943647029272,0.0,0.45,69.72464116317241,28.109892804136972
2024-01-19 05:00:00,145.5619229874653,0.0,145.5619229874653,0.0,0.45,65.50286534435938,28.919425530471248
2024-01-19 06:00:00,162.56862266984896,0.0,162.56862266984896,0.0,0.45,73.15588020143204,29.43352620621224
2024-01-19 07:00:00,590.3767895645547,8.915297621871325,581.4614919426833,8.915297621871325,0.45,261.6576713742075,28.45226769994454
2024-01-19 08:00:00,567.5648295554973,6.06384116755019,561.5009883879471,6.06384116755019,0.45,252.67544477457622,30.3353272011166
2024-01-19 09:00:00,499.71771609753097,18.853656679680576,480.8640594178504,18.853656679680576,0.45,216.3888267380327,31.57576869448999
2024-01-19 10:00:00,477.4099326143609,10.362410545606727,467.0475220687542,10.362410545606727,0.45,210.17138493093938,33.885937102093926
2024-01-19 11:00:00,551.2132661422748,21.360894388558858,529.8523717537159,21.360894388558858,0.45,238.43356728917217,33.12487058901125
2024-01-19 12:00:00,518.1667245160093,17.760703959652073,500.4060205563572,17.760703959652073,0.45,225.18270925036074,32.91773097866076
2024-01-19 13:00:00,524.8157275739217,28.992675301202624,495.82305227271905,28.992675301202624,0.45,223.12037352272358,33.43323396213509
2024-01-19 14:00:00,518.3466429812462,14.038003939042504,504.3086390422037,14.038003939042504,0.45,226.93888756899167,33.734129481398625
2024-01-19 15:00:00,478.96042872449425,14.034840481722641,464.9255882427716,14.034840481722641,0.45,209.21651470924724,31.35345325367068
2024-01-19 16:00:00,500.158767565987,17.579783859706616,482.5789837062804,17.579783859706616,0.45,217.16054266782618,29.975226761072715
2024-01-19 17:00:00,555.1212481981385,7.141233383795551,547.9800148143429,7.141233383795551,0.65,356.1870096293229,29.151481352073787
2024-01-19 18:00:00,511.5135918489639,0.0,511.5135918489639,0.0,0.85,434.7865530716193,29.414093746188037
2024-01-19 19:00:00,145.63376708465682,0.0,145.63376708465682,0.0,0.85,123.7887020219583,28.5013875066158
2024-01-19 20:00:00,153.6691057687335,0.0,153.6691057687335,0.0,0.85,130.61873990342346,27.79536495348166
2024-01-19 21:00:00,150.02093378473427,0.0,150.02093378473427,0.0,0.65,97.51360696007728,25.849615210079033
2024-01-19 22:00:00,164.04694139169086,0.0,164.04694139169086,0.0,0.45,73.82112362626088,27.122110214815148
2024-01-19 23:00:00,160.03965300258872,0.0,160.03965300258872,0.0,0.45,72.01784385116493,26.414596045949192
2024-01-20 00:00:00,28.507794991846026,0.0,28.507794991846026,0.0,0.35,9.977728247146109,24.98491346159856
2024-01-20 01:00:00,31.022221424807537,0.0,31.022221424807537,0.0,0.35,10.857777498682637,23.842768436543242
2024-01-20 02:00:00,31.78700011480415,0.0,31.78700011480415,0.0,0.35,11.125450040181452,27.12494657797148
2024-01-20 03:00:00,29.369632821655355,0.0,29.369632821655355,0.0,0.35,10.279371487579374,27.739302640615048
2024-01-20 04:00:00,28.85469212604172,0.0,28.85469212604172,0.0,0.35,10.099142244114601,27.792391184873523
2024-01-20 05:00:00,30.755368418818165,0.0,30.755368418818165,0.0,0.35,10.764378946586357,28.932920192244364
2024-01-20 06:00:00,29.139686408670812,0.0,29.139686408670812,0.0,0.35,10.198890243034784,29.379746542810036
2024-01-20 07:00:00,105.4752875286467,9.079519540444899,96.39576798820181,9.079519540444899,0.35,33.73851879587063,30.72733315654501
2024-01-20 08:00:00,108.76515385177598,20.25901465562725,88.50613919614872,20.25901465562725,0.35,30.97714871865205,31.801280647333197
2024-01-20 09:00:00,95.56977736453256,8.822764908958305,86.74701245557425,8.822764908958305,0.35,30.361454359450985,34.03605347232428
2024-01-20 10:00:00,102.00403074523146,9.12540992562806,92.8786208196034,9.12540992562806,0.35,32.50751728686119,32.90318734529589
2024-01-20 11:00:00,93.67696394393766,19.60775929951937,74.06920464441829,19.60775929951937,0.35,25.9242216255464,32.95905168732595
2024-01-20 12:00:00,104.83221627081629,27.817437481744538,77.01477878907176,27.817437481744538,0.35,26.955172576175112,32.90917171009218
2024-01-20 13:00:00,96.19036992996554,31.532064099593047,64.6583058303725,31.532064099593047,0.35,22.630407040630374,32.924584862479186
2024-01-20 14:00:00,101.19764387566498,20.161521140005092,81.03612273565989,20.161521140005092,0.35,28.362642957480958,31.711084631251783
2024-01-20 15:00:00,98.15125021868394,5.959730882996713,92.19151933568723,5.959730882996713,0.35,32.26703176749053,29.00181093407171
2024-01-20 16:00:00,101.81561981432135,14.55833446157069,87.25728535275066,14.55833446157069,0.35,30.540049873462728,30.81463180737613
2024-01-20 17:00:00,109.36441160445189,10.277005536600484,99.0874060678514,10.277005536600484,0.35,34.68059212374799,30.426269776068448
2024-01-20 18:00:00,113.6094481986656,0.0,113.6094481986656,0.0,0.35,39.76330686953296,30.90477372364742
2024-01-20 19:00:00,30.177719185602392,0.0,30.177719185602392,0.0,0.35,10.562201714960837,27.46607791465601
2024-01-20 20:00:00,32.277326401736836,0.0,32.277326401736836,0.0,0.35,11.297064240607892,25.947594184945995
2024-01-20 21:00:00,33.12865871623727,0.0,33.12865871623727,0.0,0.35,11.595030550683044,26.03545333243686
2024-01-20 22:00:00,32.03030536010362,0.0,32.03030536010362,0.0,0.35,11.210606876036266,26.807466363806107
2024-01-20 23:00:00,28.324075004299385,0.0,28.324075004299385,0.0,0.35,9.913426251504784,24.902131945557535
2024-01-21 00:00:00,29.48839307781619,0.0,29.48839307781619,0.0,0.35,10.320937577235666,25.447751582077903
2024-01-21 01:00:00,30.950771247259674,0.0,30.950771247259674,0.0,0.35,10.832769936540885,27.129037247136473
2024-01-21 02:00:00,29.754777423826113,0.0,29.754777423826113,0.0,0.35,10.414172098339138,25.584524580609397
2024-01-21 03:00:00,29.006814000527314,0.0,29.006814000527314,0.0,0.35,10.15238490018456,27.447944060450517
2024-01-21 04:00:00,28.06161213290286,0.0,28.06161213290286,0.0,0.35,9.821564246516,28.76971687790178
2024-01-21 05:00:00,27.64067194246272,0.0,27.64067194246272,0.0,0.35,9.674235179861952,29.401791567139473
2024-01-21 06:00:00,27.55939478618749,0.0,27.55939478618749,0.0,0.35,9.64578817516562,30.251468604032112
2024-01-21 07:00:00,108.43882861402798,1.423947770496825,107.01488084353116,1.423947770496825,0.35,37.455208295235906,29.536883209109742
2024-01-21 08:00:00,112.25830954154081,13.872843988826368,98.38546555271444,13.872843988826368,0.35,34.43491294345005,31.291839512794592
2024-01-21 09:00:00,103.8108844027964,13.696339027180391,90.11454537561602,13.696339027180391,0.35,31.540090881465606,31.717453363169255
2024-01-21 10:00:00,98.82045600177008,23.531181111016142,75.28927489075394,23.531181111016142,0.35,26.35124621176388,31.99649656785511
2024-01-21 11:00:00,103.1117392820301,7.023504531464932,96.08823475056516,7.023504531464932,0.35,33.6308821626978,31.85014296206269
2024-01-21 12:00:00,99.26332497818754,5.383817020062024,93.87950795812552,5.383817020062024,0.35,32.85782778534393,32.726023242228706
2024-01-21 13:00:00,105.66146544009761,26.074124346328485,79.58734109376913,26.074124346328485,0.35,27.855569382819194,33.325735696473295
2024-01-21 14:00:00,105.83692798134656,19.076866914052506,86.76006106729406,19.076866914052506,0.35,30.36602137355292,34.143561618465014
2024-01-21 15:00:00,89.33324066874593,27.292329596484933,62.040911072261,27.292329596484933,0.35,21.714318875291347,31.378061319964203
2024-01-21 16:00:00,93.27209856468116,10.319825613435999,82.95227295124516,10.319825613435999,0.35,29.033295532935806,30.515348943144254
2024-01-21 17:00:00,106.6384223511472,8.366765571940055,98.27165677920715,8.366765571940055,0.35,34.3950798727225,29.92486230446886
2024-01-21 18:00:00,118.82170798542033,0.0,118.82170798542033,0.0,0.35,41.587597794897114,29.997110565318348
2024-01-21 19:00:00,30.951047835094055,0.0,30.951047835094055,0.0,0.35,10.832866742282919,28.427316771779466
2024-01-21 20:00:00,34.54607688974204,0.0,34.54607688974204,0.0,0.35,12.091126911409713,27.666389763953564
2024-01-21 21:00:00,27.759755663370157,0.0,27.759755663370157,0.0,0.35,9.715914482179555,26.663605667637906
2024-01-21 22:00:00,29.62317507509744,0.0,29.62317507509744,0.0,0.35,10.368111276284104,26.0204816770102
2024-01-21 23:00:00,31.461645509200473,0.0,31.461645509200473,0.0,0.35,11.011575928220164,25.143037116550968
2024-01-22 00:00:00,144.23004713882435,0.0,144.23004713882435,0.0,0.45,64.90352121247096,26.211734558616758
2024-01-22 01:00:00,155.78599480100388,0.0,155.78599480100388,0.0,0.45,70.10369766045174,26.21075022897479
2024-01-22 02:00:00,146.03847738851144,0.0,146.03847738851144,0.0,0.45,65.71731482483015,26.276307118473863
2024-01-22 03:00:00,145.8674034183834,0.0,145.8674034183834,0.0,0.45,65.64033153827253,27.375036427935523
2024-01-22 04:00:00,142.5009322625914,0.0,142.5009322625914,0.0,0.45,64.12541951816613,29.226046877553394
2024-01-22 05:00:00,150.1261395219607,0.0,150.1261395219607,0.0,0.45,67.55676278488232,27.4294693839541
2024-01-22 06:00:00,143.76674443169836,0.0,143.76674443169836,0.0,0.45,64.69503499426426,28.864461028127685
2024-01-22 07:00:00,566.8069369759361,10.550529041589986,556.256407934346,10.550529041589986,0.45,250.31538357045574,30.476913532058862
2024-01-22 08:00:00,602.2434418330436,12.173771912278628,590.0696699207649,12.173771912278628,0.45,265.5313514643442,30.254468664499864
2024-01-22 09:00:00,519.7509803185267,16.31690074394957,503.4340795745771,16.31690074394957,0.45,226.54533580855968,31.9185899924469
2024-01-22 10:00:00,538.4488229510388,25.548521743772767,512.900301207266,25.548521743772767,0.45,230.8051355432697,34.08637958436896
2024-01-22 11:00:00,534.9378250181613,13.785589993130232,521.1522350250311,13.785589993130232,0.45,234.518505761264,31.475521268926272
2024-01-22 12:00:00,529.4036960332005,30.66410329408526,498.73959273911527,30.66410329408526,0.45,224.43281673260188,33.026804091079775
2024-01-22 13:00:00,533.2546418683189,28.57936291246366,504.6752789558553,28.57936291246366,0.45,227.10387553013487,32.89801063325441
2024-01-22 14:00:00,519.5886784859254,14.536040327554414,505.05263815837094,14.536040327554414,0.45,227.27368717126691,32.09315087711795
2024-01-22 15:00:00,558.3010679391328,15.755932608443816,542.545135330689,15.755932608443816,0.45,244.14531089881007,32.844009113104484
2024-01-22 16:00:00,549.108978341212,16.76622607938826,532.3427522618238,16.76622607938826,0.45,239.5542385178207,32.50979434487941
2024-01-22 17:00:00,560.6783841933162,7.943147621036624,552.7352365722796,7.943147621036624,0.65,359.27790377198176,30.07243178999369
2024-01-22 18:00:00,573.2411012367452,0.0,573.2411012367452,0.0,0.85,487.2549360512334,29.732694361487365
2024-01-22 19:00:00,152.66402065269978,0.0,152.66402065269978,0.0,0.85,129.76441755479482,30.21875615316756
2024-01-22 20:00:00,149.17269901335004,0.0,149.17269901335004,0.0,0.85,126.79679416134753,28.49030347213177
2024-01-22 21:00:00,152.31141695088957,0.0,152.31141695088957,0.0,0.65,99.00242101807822,25.52604218686475
2024-01-22 22:00:00,153.77256261895005,0.0,153.77256261895005,0.0,0.45,69.19765317852752,26.291772367990742
2024-01-22 23:00:00,136.77880976071498,0.0,136.77880976071498,0.0,0.45,61.55046439232174,24.15947100802737
2024-01-23 00:00:00,156.34313815455704,0.0,156.34313815455704,0.0,0.45,70.35441216955067,27.311484235575072
2024-01-23 01:00:00,156.56009505024855,0.0,156.56009505024855,0.0,0.45,70.45204277261185,25.202062078586923
2024-01-23 02:00:00,158.35721015715887,0.0,158.35721015715887,0.0,0.45,71.2607445707215,24.03215788382557
2024-01-23 03:00:00,152.74474718362418,0.0,152.74474718362418,0.0,0.45,68.73513623263088,25.477399521919207
2024-01-23 04:00:00,148.12917903940343,0.0,148.12917903940343,0.0,0.45,66.65813056773155,29.17680961972816
2024-01-23 05:00:00,146.74688438477511,0.0,146.74688438477511,0.0,0.45,66.0360979731488,28.611359199931982
2024-01-23 06:00:00,148.1613254109892,0.0,148.1613254109892,0.0,0.45,66.67259643494515,28.097138884257873
2024-01-23 07:00:00,534.3775998479433,8.47543422738105,525.9021656205623,8.47543422738105,0.45,236.65597452925303,29.612134301192548
2024-01-23 08:00:00,563.6362927199307,12.600632582938642,551.0356601369921,12.600632582938642,0.45,247.96604706164644,33.46269845264321
2024-01-23 09:00:00,497.7731453488021,13.16481807284595,484.6083272759561,13.16481807284595,0.45,218.07374727418025,33.206416634636696
2024-01-23 10:00:00,506.13461093550757,18.572145926204218,487.56246500930337,18.572145926204218,0.45,219.40310925418652,32.30308669226855
2024-01-23 11:00:00,464.5855151626454,28.40368830007977,436.18182686256563,28.40368830007977,0.45,196.28182208815454,32.30439573750842
2024-01-23 12:00:00,523.5981393789777,18.451812003315855,505.1463273756619,18.451812003315855,0.45,227.31584731904786,32.39880443916269
2024-01-23 13:00:00,486.13467865630395,14.727328000180604,471.40735065612336,14.727328000180604,0.45,212.13330779525552,32.68867403455749
2024-01-23 14:00:00,479.1390861848425,21.128313550726535,458.01077263411594,21.128313550726535,0.45,206.10484768535218,31.512414815489556
2024-01-23 15:00:00,525.5202978083256,20.21147980175067,505.30881800657494,20.21147980175067,0.45,227.38896810295873,34.02865673433135
2024-01-23 16:00:00,516.3537180202109,6.432584069397999,509.9211339508129,6.432584069397999,0.45,229.4645102778658,30.408589537264863
2024-01-23 17:00:00,539.0623925579499,3.236292764611804,535.8260997933381,3.236292764611804,0.65,348.2869648656698,32.12385126878462
2024-01-23 18:00:00,580.929063831364,0.0,580.929063831364,0.0,0.85,493.78970425665943,29.493745000177398
2024-01-23 19:00:00,147.73117587508034,0.0,147.73117587508034,0.0,0.85,125.57149949381828,27.180784593666637
2024-01-23 20:00:00,151.36082314645785,0.0,151.36082314645785,0.0,0.85,128.65669967448918,27.503449237165558
2024-01-23 21:00:00,144.26169990920815,0.0,144.26169990920815,0.0,0.65,93.7701049409853,27.42349395470672
2024-01-23 22:00:00,142.4245285260961,0.0,142.4245285260961,0.0,0.45,64.09103783674325,29.410996008883114
2024-01-23 23:00:00,148.3242446614111,0.0,148.3242446614111,0.0,0.45,66.74591009763499,26.343570495760588
2024-01-24 00:00:00,135.72065298747168,0.0,135.72065298747168,0.0,0.45,61.07429384436226,25.201568442463856
2024-01-24 01:00:00,160.63327293919383,0.0,160.63327293919383,0.0,0.45,72.28497282263723,28.13610168146432
2024-01-24 02:00:00,152.95434165482197,0.0,152.95434165482197,0.0,0.45,68.82945374466989,27.13934818633414
2024-01-24 03:00:00,151.27471522149796,0.0,151.27471522149796,0.0,0.45,68.07362184967408,27.180088736292074
2024-01-24 04:00:00,155.8136103113911,0.0,155.8136103113911,0.0,0.45,70.116124640126,25.55613641087367
2024-01-24 05:00:00,167.86242863827277,0.0,167.86242863827277,0.0,0.45,75.53809288722275,29.241198618931836
2024-01-24 06:00:00,133.369077390562,0.0,133.369077390562,0.0,0.45,60.016084825752905,30.27625730071809
2024-01-24 07:00:00,592.1297717617605,2.756644547131019,589.3731272146294,2.756644547131019,0.45,265.21790724658325,30.968598041291962
2024-01-24 08:00:00,528.4694763894331,9.357597099161335,519.1118792902718,9.357597099161335,0.45,233.6003456806223,31.821792284303825
2024-01-24 09:00:00,509.8685623614114,11.76077713632689,498.1077852250845,11.76077713632689,0.45,224.14850335128804,33.07783430250824
2024-01-24 10:00:00,572.8942241312136,17.42768070901318,555.4665434222004,17.42768070901318,0.45,249.95994453999018,33.70636295321213
2024-01-24 11:00:00,498.8127569659674,20.261321651034958,478.55143531493246,20.261321651034958,0.45,215.3481458917196,33.28425508078524
2024-01-24 12:00:00,474.91826035298556,32.86586389248274,442.0523964605028,32.86586389248274,0.45,198.92357840722627,32.038376181173724
2024-01-24 13:00:00,457.0951745669203,12.98268624602869,444.11248832089166,12.98268624602869,0.45,199.85061974440126,32.243142189579416
2024-01-24 14:00:00,531.3576706647193,22.345875673461165,509.01179499125817,22.345875673461165,0.45,229.05530774606618,33.28839552229343
2024-01-24 15:00:00,502.3914643143147,4.69781686965726,497.6936474446574,4.69781686965726,0.45,223.96214135009583,30.636962793572557
2024-01-24 16:00:00,511.6832131762979,8.71196809443567,502.9712450818622,8.71196809443567,0.45,226.337060286838,31.291671666405264
2024-01-24 17:00:00,516.3639185589542,6.650431334436973,509.7134872245172,6.650431334436973,0.65,331.3137666959362,30.676779043256616
2024-01-24 18:00:00,499.54834764330707,0.0,499.54834764330707,0.0,0.85,424.616095496811,28.148831655466584
2024-01-24 19:00:00,153.16665453883687,0.0,153.16665453883687,0.0,0.85,130.19165635801133,28.595344606422096
2024-01-24 20:00:00,137.01917611888223,0.0,137.01917611888223,0.0,0.85,116.46629970104989,27.127336590005008
2024-01-24 21:00:00,157.3115688055415,0.0,157.3115688055415,0.0,0.65,102.25251972360198,27.354650971601586
2024-01-24 22:00:00,158.10642749585892,0.0,158.10642749585892,0.0,0.45,71.14789237313651,25.91594017328407
2024-01-24 23:00:00,144.53658812996463,0.0,144.53658812996463,0.0,0.45,65.04146465848409,27.273999346973316
2024-01-25 00:00:00,146.2926967555655,0.0,146.2926967555655,0.0,0.45,65.83171354000447,25.904993700738462
2024-01-25 01:00:00,157.23789569076428,0.0,157.23789569076428,0.0,0.45,70.75705306084393,24.233083462666595
2024-01-25 02:00:00,133.9217025533504,0.0,133.9217025533504,0.0,0.45,60.264766149007684,27.912153710097137
2024-01-25 03:00:00,159.701164666728,0.0,159.701164666728,0.0,0.45,71.8655241000276,25.71584725924795
2024-01-25 04:00:00,156.4197858343853,0.0,156.4197858343853,0.0,0.45,70.38890362547339,26.699369010453196
2024-01-25 05:00:00,141.33482891420675,0.0,141.33482891420675,0.0,0.45,63.60067301139304,29.32690045231236
2024-01-25 06:00:00,161.10638354452126,0.0,161.10638354452126,0.0,0.45,72.49787259503456,30.047987421798858
2024-01-25 07:00:00,543.3671955953116,0.9216034091445148,542.4455921861671,0.9216034091445148,0.45,244.1005164837752,28.581976164568296
2024-01-25 08:00:00,522.2685387016643,13.121757195266055,509.1467815063982,13.121757195266055,0.45,229.1160516778792,31.021421829510416
2024-01-25 09:00:00,532.140396796474,8.052647458661484,524.0877493378125,8.052647458661484,0.45,235.83948720201565,31.896251390776715
2024-01-25 10:00:00,524.5874080863107,17.178842152139843,507.40856593417084,17.178842152139843,0.45,228.3338546703769,33.35740800179029
2024-01-25 11:00:00,533.0614242062487,32.28368192480426,500.77774228144443,32.28368192480426,0.45,225.34998402665,33.568297182568344
2024-01-25 12:00:00,554.7830294626704,11.9573603755015,542.8256690871689,11.9573603755015,0.45,244.271551089226,31.639955210878018
2024-01-25 13:00:00,486.3349096982924,7.411484978465452,478.9234247198269,7.411484978465452,0.45,215.51554112392213,33.307922364863565
2024-01-25 14:00:00,551.1282602102018,11.277946128675056,539.8503140815268,11.277946128675056,0.45,242.93264133668706,33.42725261627889
2024-01-25 15:00:00,521.5109644752796,12.445385386230026,509.06557908904955,12.445385386230026,0.45,229.0795105900723,31.982489720449795
2024-01-25 16:00:00,469.7334227026076,12.61999711160595,457.11342559100166,12.61999711160595,0.45,205.70104151595075,32.677174152280415
2024-01-25 17:00:00,592.230849846352,0.9133222853565901,591.3175275609955,0.9133222853565901,0.65,384.3563929146471,30.796180385938715
2024-01-25 18:00:00,581.1772952000376,0.0,581.1772952000376,0.0,0.85,494.000700920032,31.181210589709927
2024-01-25 19:00:00,143.95870992847225,0.0,143.95870992847225,0.0,0.85,122.3649034392014,29.534358355685445
2024-01-25 20:00:00,148.72800446683937,0.0,148.72800446683937,0.0,0.85,126.41880379681346,27.675058468177543
2024-01-25 21:00:00,152.929423170275,0.0,152.929423170275,0.0,0.65,99.40412506067875,27.620284545012137
2024-01-25 22:00:00,154.69151730448144,0.0,154.69151730448144,0.0,0.45,69.61118278701665,27.824153177158752
2024-01-25 23:00:00,139.5799421591435,0.0,139.5799421591435,0.0,0.45,62.81097397161458,25.62481262343505
2024-01-26 00:00:00,156.18896227088698,0.0,156.18896227088698,0.0,0.45,70.28503302189914,26.981900290874634
2024-01-26 01:00:00,146.25151504728885,0.0,146.25151504728885,0.0,0.45,65.81318177127999,25.528099752930668
2024-01-26 02:00:00,139.42847443204323,0.0,139.42847443204323,0.0,0.45,62.74281349441946,26.236898126195506
2024-01-26 03:00:00,142.14583726261773,0.0,142.14583726261773,0.0,0.45,63.965626768177984,27.121245452472408
2024-01-26 04:00:00,147.54132251075595,0.0,147.54132251075595,0.0,0.45,66.39359512984018,27.658788109271804
2024-01-26 05:00:00,137.46833560309454,0.0,137.46833560309454,0.0,0.45,61.860751021392545,28.8698164547271
2024-01-26 06:00:00,164.1836930325424,0.0,164.1836930325424,0.0,0.45,73.88266186464409,28.74484639254366
2024-01-26 07:00:00,559.3878505645699,5.791122300788317,553.5967282637816,5.791122300788317,0.45,249.11852771870176,28.804173576633723
2024-01-26 08:00:00,588.5710863578546,14.835254221859268,573.7358321359953,14.835254221859268,0.45,258.1811244611979,30.557668712046212
2024-01-26 09:00:00,505.9515902371824,11.068246080658648,494.8833441565238,11.068246080658648,0.45,222.6975048704357,31.101674189338535
2024-01-26 10:00:00,517.3450771363711,23.517497386976537,493.82757974939454,23.517497386976537,0.45,222.22241088722754,31.746311183099234
2024-01-26 11:00:00,521.3354244049204,25.736067135295936,495.59935726962453,25.736067135295936,0.45,223.01971077133103,32.38124863371564
2024-01-26 12:00:00,527.0530789792595,35.412674748928985,491.6404042303305,35.412674748928985,0.45,221.23818190364872,33.97685848427489
2024-01-26 13:00:00,500.0479141974907,23.1825701066209,476.86534409086977,23.1825701066209,0.45,214.5894048408914,34.297001383045796
2024-01-26 14:00:00,511.11682545154895,5.928341952026006,505.18848349952293,5.928341952026006,0.45,227.33481757478532,32.12607506060661
2024-01-26 15:00:00,504.61210361370235,17.291895824745517,487.32020778895685,17.291895824745517,0.45,219.2940935050306,32.264226159152514
2024-01-26 16:00:00,477.4260675372128,6.306388300412694,471.1196792368001,6.306388300412694,0.45,212.00385565656003,30.686791566324157
2024-01-26 17:00:00,541.1160785619368,3.5208825542418585,537.5951960076949,3.5208825542418585,0.65,349.43687740500167,29.44033821654694
2024-01-26 18:00:00,520.6454327639995,0.0,520.6454327639995,0.0,0.85,442.54861784939953,29.036807123532643
2024-01-26 19:00:00,165.09162201614427,0.0,165.09162201614427,0.0,0.85,140.32787871372264,29.785671521368087
2024-01-26 20:00:00,136.03252200299048,0.0,136.03252200299048,0.0,0.85,115.6276437025419,28.12420466623722
2024-01-26 21:00:00,143.31903374518825,0.0,143.31903374518825,0.0,0.65,93.15737193437236,26.57025908310441
2024-01-26 22:00:00,156.95400483066624,0.0,156.95400483066624,0.0,0.45,70.62930217379981,26.07810193827691
2024-01-26 23:00:00,133.06124986677435,0.0,133.06124986677435,0.0,0.45,59.87756244004846,26.496047141939847
2024-01-27 00:00:00,30.034820207273064,0.0,30.034820207273064,0.0,0.35,10.512187072545572,27.141680111589693
2024-01-27 01:00:00,32.0371960959669,0.0,32.0371960959669,0.0,0.35,11.213018633588414,26.915053674037733
2024-01-27 02:00:00,27.670020954838098,0.0,27.670020954838098,0.0,0.35,9.684507334193334,26.096044130365524
2024-01-27 03:00:00,30.172026578066774,0.0,30.172026578066774,0.0,0.35,10.56020930232337,28.45380625776519
2024-01-27 04:00:00,29.759920127697207,0.0,29.759920127697207,0.0,0.35,10.415972044694021,28.734168359357348
2024-01-27 05:00:00,29.97447913636963,0.0,29.97447913636963,0.0,0.35,10.49106769772937,28.0235299697842
2024-01-27 06:00:00,30.90694365606945,0.0,30.90694365606945,0.0,0.35,10.817430279624308,31.923627033580996
2024-01-27 07:00:00,102.16683935724942,8.143095907649542,94.02374344959988,8.143095907649542,0.35,32.90831020735995,30.306234916625815
2024-01-27 08:00:00,105.45650825786309,7.176848030953874,98.27966022690921,7.176848030953874,0.35,34.39788107941822,30.783193801011056
2024-01-27 09:00:00,102.8810564683366,24.062564725003828,78.81849174333277,24.062564725003828,0.35,27.58647211016647,32.10581203483684
2024-01-27 10:00:00,99.17440842009678,20.103122163858846,79.07128625623794,20.103122163858846,0.35,27.674950189683276,34.082056892807024
2024-01-27 11:00:00,92.19215369418279,16.862333749882357,75.32981994430044,16.862333749882357,0.35,26.36543698050515,32.39364440634852
2024-01-27 12:00:00,101.16334793423988,11.131774076857921,90.03157385738196,11.131774076857921,0.35,31.511050850083684,32.889520085330645
2024-01-27 13:00:00,103.15363869361877,15.656842407907632,87.49679628571114,15.656842407907632,0.35,30.623878699998897,33.157018967955565
2024-01-27 14:00:00,102.04546208935226,20.21546635656536,81.8299957327869,20.21546635656536,0.35,28.640498506475414,31.655178032491445
2024-01-27 15:00:00,100.58072098969903,5.227843029471214,95.35287796022781,5.227843029471214,0.35,33.373507286079736,32.2973727646996
2024-01-27 16:00:00,104.63217110596247,15.147638365329964,89.4845327406325,15.147638365329964,0.35,31.319586459221373,32.52197674618146
2024-01-27 17:00:00,109.21707088430564,9.130903931396457,100.08616695290918,9.130903931396457,0.35,35.03015843351821,32.720968600408824
2024-01-27 18:00:00,105.8542868072873,0.0,105.8542868072873,0.0,0.35,37.04900038255055,27.777100943582187
2024-01-27 19:00:00,31.680853885918527,0.0,31.680853885918527,0.0,0.35,11.088298860071484,27.877951995507182
2024-01-27 20:00:00,32.00671994458708,0.0,32.00671994458708,0.0,0.35,11.202351980605478,28.0247627732232
2024-01-27 21:00:00,31.84972998181815,0.0,31.84972998181815,0.0,0.35,11.147405493636352,27.53848335854763
2024-01-27 22:00:00,30.292803142964136,0.0,30.292803142964136,0.0,0.35,10.602481100037448,25.53023136638522
2024-01-27 23:00:00,29.070064516293566,0.0,29.070064516293566,0.0,0.35,10.174522580702748,26.982197406162296
2024-01-28 00:00:00,31.06937632901988,0.0,31.06937632901988,0.0,0.35,10.874281715156958,25.931992074920682
2024-01-28 01:00:00,31.230114996822863,0.0,31.230114996822863,0.0,0.35,10.930540248888,26.335193098445462
2024-01-28 02:00:00,29.464806034000645,0.0,29.464806034000645,0.0,0.35,10.312682111900225,24.48819917797735
2024-01-28 03:00:00,28.020873117514235,0.0,28.020873117514235,0.0,0.35,9.807305591129982,27.622434676368503
2024-01-28 04:00:00,30.225569881431326,0.0,30.225569881431326,0.0,0.35,10.578949458500963,27.46783231604107
2024-01-28 05:00:00,28.451277894193755,0.0,28.451277894193755,0.0,0.35,9.957947262967814,28.000561808473115
2024-01-28 06:00:00,30.438319901034163,0.0,30.438319901034163,0.0,0.35,10.653411965361956,30.863157631732967
2024-01-28 07:00:00,112.62216301155121,5.141271849038466,107.48089116251275,5.141271849038466,0.35,37.61831190687946,30.578075385579265
2024-01-28 08:00:00,110.75015021081177,18.258574408823556,92.4915758019882,18.258574408823556,0.35,32.37205153069587,30.472207029589757
2024-01-28 09:00:00,97.37852347951785,12.613741820271745,84.76478165924611,12.613741820271745,0.35,29.667673580736135,31.96832999352279
2024-01-28 10:00:00,103.07852715857852,27.180895807866463,75.89763135071206,27.180895807866463,0.35,26.56417097274922,31.99965911772455
2024-01-28 11:00:00,99.4205622431803,17.435791919999776,81.98477032318053,17.435791919999776,0.35,28.69466961311318,33.63972152332557
2024-01-28 12:00:00,94.30532864548965,16.56033551617294,77.74499312931671,16.56033551617294,0.35,27.210747595260848,31.622396269190638
2024-01-28 13:00:00,99.13380336401285,12.234652863588193,86.89915050042465,12.234652863588193,0.35,30.414702675148625,33.220713032624175
2024-01-28 14:00:00,98.34139953898023,5.094490840552842,93.24690869842739,5.094490840552842,0.35,32.636418044449584,32.596690600611
2024-01-28 15:00:00,100.27620535830259,12.051107862564114,88.22509749573848,12.051107862564114,0.35,30.878784123508467,32.451817305484376
2024-01-28 16:00:00,98.10665422196169,20.821837174005555,77.28481704795614,20.821837174005555,0.35,27.049685966784647,31.989251316056695
2024-01-28 17:00:00,116.86413131290816,15.147950255721435,101.71618105718672,15.147950255721435,0.35,35.60066337001535,30.03584404673836
2024-01-28 18:00:00,119.59110121999421,0.0,119.59110121999421,0.0,0.35,41.85688542699797,29.20341891920191
2024-01-28 19:00:00,29.640585618740246,0.0,29.640585618740246,0.0,0.35,10.374204966559086,28.09063998715876
2024-01-28 20:00:00,29.416984105914178,0.0,29.416984105914178,0.0,0.35,10.295944437069961,28.233242831660718
2024-01-28 21:00:00,29.90491000943865,0.0,29.90491000943865,0.0,0.35,10.466718503303527,26.54479981472978
2024-01-28 22:00:00,28.23954720892641,0.0,28.23954720892641,0.0,0.35,9.883841523124243,26.648614388505035
2024-01-28 23:00:00,30.831479770029112,0.0,30.831479770029112,0.0,0.35,10.791017919510189,25.49355826245312
2024-01-29 00:00:00,140.23243048323238,0.0,140.23243048323238,0.0,0.45,63.10459371745457,24.756003688154237
2024-01-29 01:00:00,144.11277990668071,0.0,144.11277990668071,0.0,0.45,64.85075095800633,26.85573999323239
2024-01-29 02:00:00,143.12411466433807,0.0,143.12411466433807,0.0,0.45,64.40585159895213,26.37503081321939
2024-01-29 03:00:00,148.5697778795011,0.0,148.5697778795011,0.0,0.45,66.85640004577549,27.41358318052767
2024-01-29 04:00:00,157.97232589940862,0.0,157.97232589940862,0.0,0.45,71.08754665473388,26.838839531059573
2024-01-29 05:00:00,152.5503225020131,0.0,152.5503225020131,0.0,0.45,68.6476451259059,29.04642157285608
2024-01-29 06:00:00,152.95402352297936,0.0,152.95402352297936,0.0,0.45,68.8293105853407,29.939127469323648
2024-01-29 07:00:00,533.2392433134281,2.563834513837946,530.6754087995902,2.563834513837946,0.45,238.8039339598156,30.22898640643165
2024-01-29 08:00:00,536.1030205787706,18.417217167391147,517.6858034113794,18.417217167391147,0.45,232.95861153512075,28.869900298985705
2024-01-29 09:00:00,499.08092404220173,19.12099289710077,479.95993114510094,19.12099289710077,0.45,215.98196901529542,29.419225776167785
2024-01-29 10:00:00,551.3596936349193,15.255567866294562,536.1041257686247,15.255567866294562,0.45,241.24685659588113,31.07397829026741
2024-01-29 11:00:00,480.36153439102765,6.185875528128202,474.17565886289947,6.185875528128202,0.45,213.37904648830477,33.22514867429762
2024-01-29 12:00:00,508.09189715932627,19.812816777495538,488.27908038183074,19.812816777495538,0.45,219.72558617182384,33.20884802570408
2024-01-29 13:00:00,513.6913564573176,25.439718365870085,488.25163809144755,25.439718365870085,0.45,219.7132371411514,32.69803743131936
2024-01-29 14:00:00,528.881970385907,24.265840289042252,504.61613009686477,24.265840289042252,0.45,227.07725854358915,34.25071267846228
2024-01-29 15:00:00,491.63505475569895,12.571958480547885,479.06309627515105,12.571958480547885,0.45,215.57839332381798,29.01932353787139
2024-01-29 16:00:00,523.3591597614976,2.4711484448409538,520.8880113166566,2.4711484448409538,0.45,234.39960509249548,31.54450992481402
2024-01-29 17:00:00,540.1609307172903,6.6238592248272035,533.537071492463,6.6238592248272035,0.65,346.799096470101,28.696505943674076
2024-01-29 18:00:00,535.8120675227615,0.0,535.8120675227615,0.0,0.85,455.44025739434727,29.05519658103944
2024-01-29 19:00:00,136.87683061677262,0.0,136.87683061677262,0.0,0.85,116.34530602425673,30.140217571550167
2024-01-29 20:00:00,143.0667271534614,0.0,143.0667271534614,0.0,0.85,121.60671808044218,27.729016470064597
2024-01-29 21:00:00,142.87629469179322,0.0,142.87629469179322,0.0,0.65,92.8695915496656,26.00986022429235
2024-01-29 22:00:00,142.97777885210235,0.0,142.97777885210235,0.0,0.45,64.34000048344606,26.051038966880576
2024-01-29 23:00:00,151.094046504714,0.0,151.094046504714,0.0,0.45,67.9923209271213,27.314675022072155
2024-01-30 00:00:00,144.97100813339603,0.0,144.97100813339603,0.0,0.45,65.23695366002822,25.80586289966064
2024-01-30 01:00:00,157.5081916420794,0.0,157.5081916420794,0.0,0.45,70.87868623893573,27.124211670625996
2024-01-30 02:00:00,148.15357694903844,0.0,148.15357694903844,0.0,0.45,66.6691096270673,26.582366529379026
2024-01-30 03:00:00,139.6040875526194,0.0,139.6040875526194,0.0,0.45,62.82183939867873,24.786954189112727
2024-01-30 04:00:00,162.84501752474844,0.0,162.84501752474844,0.0,0.45,73.2802578861368,27.833977835663106
2024-01-30 05:00:00,134.29984816027698,0.0,134.29984816027698,0.0,0.45,60.43493167212464,28.417650251351553
2024-01-30 06:00:00,154.64277326854088,0.0,154.64277326854088,0.0,0.45,69.5892479708434,30.60226170687176
2024-01-30 07:00:00,541.070551986888,3.691709232257483,537.3788427546305,3.691709232257483,0.45,241.8204792395837,28.158611300315286
2024-01-30 08:00:00,534.2526679441128,11.764404388708982,522.4882635554038,11.764404388708982,0.45,235.11971859993173,33.08951168915237
2024-01-30 09:00:00,527.51950493351,23.242439919909177,504.2770650136008,23.242439919909177,0.45,226.92467925612036,30.68357872590481
2024-01-30 10:00:00,498.9016864478714,9.07621493318414,489.82547151468725,9.07621493318414,0.45,220.42146218160926,31.364053735545983
2024-01-30 11:00:00,502.2591378601162,28.485090469862143,473.77404739025405,28.485090469862143,0.45,213.19832132561433,32.25908948799838
2024-01-30 12:00:00,512.2931245869486,17.194503673442505,495.09862091350607,17.194503673442505,0.45,222.79437941107773,32.34005398779692
2024-01-30 13:00:00,504.68121706819045,24.570389322829016,480.11082774536146,24.570389322829016,0.45,216.04987248541266,32.797650212648634
2024-01-30 14:00:00,530.9904462765822,14.387956703231312,516.6024895733509,14.387956703231312,0.45,232.47112030800793,32.92004433428514
2024-01-30 15:00:00,538.8363473486457,12.715999964730036,526.1203473839157,12.715999964730036,0.45,236.75415632276207,32.13359996887655
2024-01-30 16:00:00,545.3340949518796,17.662304491248303,527.6717904606313,17.662304491248303,0.45,237.4523057072841,29.829828837374617
2024-01-30 17:00:00,523.5826344709579,8.222758942071815,515.3598755288862,8.222758942071815,0.65,334.983919093776,30.181294427230164
2024-01-30 18:00:00,562.1147736646823,0.0,562.1147736646823,0.0,0.85,477.7975576149799,28.724571152513846
2024-01-30 19:00:00,137.42141607058102,0.0,137.42141607058102,0.0,0.85,116.80820365999386,28.26870697571533
2024-01-30 20:00:00,122.32336117350629,0.0,122.32336117350629,0.0,0.85,103.97485699748034,28.524348515655586
2024-01-30 21:00:00,159.87967118850946,0.0,159.87967118850946,0.0,0.65,103.92178627253115,28.447831434917607
2024-01-30 22:00:00,145.59180400549332,0.0,145.59180400549332,0.0,0.45,65.51631180247199,25.348724269400186
2024-01-30 23:00:00,141.90344521582716,0.0,141.90344521582716,0.0,0.45,63.85655034712222,24.996482100529075
