timestamp,temperature_c,solar_irradiance_kw_m2,humidity_percent,region
2024-01-01 00:00:00,23.87395689143214,0.0,79.05891338916821,Amazonas - North
2024-01-01 01:00:00,25.20361856987833,0.0,75.23497425376108,Amazonas - North
2024-01-01 02:00:00,25.18675501732532,0.0,77.51229148833188,Amazonas - North
2024-01-01 03:00:00,25.60943002396841,0.0,76.66796865630266,Amazonas - North
2024-01-01 04:00:00,27.452745401916854,0.0,70.65967828488334,Amazonas - North
2024-01-01 05:00:00,27.51938972079601,0.0,72.5534954083971,Amazonas - North
2024-01-01 06:00:00,26.973561625981294,0.0,68.99396279106848,Amazonas - North
2024-01-01 07:00:00,27.969103124830102,0.018191834298981805,68.56693255855265,Amazonas - North
2024-01-01 08:00:00,28.846752489825807,0.08761987259349208,78.6895470248711,Amazonas - North
2024-01-01 09:00:00,26.307780707587543,0.07737497296951922,75.45614407767408,Amazonas - North
2024-01-01 10:00:00,29.453031857849524,0.0762807092743707,74.91714570250005,Amazonas - North
2024-01-01 11:00:00,29.635207970652342,0.048127959856529796,64.03039949442743,Amazonas - North
2024-01-01 12:00:00,30.212890292466707,0.11954329043194813,71.18272433291598,Amazonas - North
2024-01-01 13:00:00,29.064061887905936,0.0514200692879305,77.75489128970908,Amazonas - North
2024-01-01 14:00:00,29.496785491409362,0.06554545020126455,75.50130983776982,Amazonas - North
2024-01-01 15:00:00,27.91965475182415,0.07698005498936676,86.33120710549366,Amazonas - North
2024-01-01 16:00:00,29.584157845759705,0.03758389092498041,72.41268762059282,Amazonas - North
2024-01-01 17:00:00,28.476778825270788,0.019143859889347296,75.02147486520317,Amazonas - North
2024-01-01 18:00:00,25.65102234186404,0.0,85.4356920826236,Amazonas - North
2024-01-01 19:00:00,27.616720531704296,0.0,84.8934246771514,Amazonas - North
2024-01-01 20:00:00,26.008762967428655,0.0,77.06786725348526,Amazonas - North
2024-01-01 21:00:00,25.62535521918565,0.0,86.79701304074571,Amazonas - North
2024-01-01 22:00:00,26.9390626747245,0.0,63.53053818563691,Amazonas - North
2024-01-01 23:00:00,24.027512254784934,0.0,80.57586896047697,Amazonas - North
2024-01-02 00:00:00,24.577002488271415,0.0,79.0185009173032,Amazonas - North
2024-01-02 01:00:00,23.976970652894607,0.0,74.69136668754396,Amazonas - North
2024-01-02 02:00:00,25.009603444273417,0.0,74.69887952431071,Amazonas - North
2024-01-02 03:00:00,24.679223315899886,0.0,79.85324826961448,Amazonas - North
2024-01-02 04:00:00,26.023453586794798,0.0,63.436169978575585,Amazonas - North
2024-01-02 05:00:00,27.47497037324045,0.0,69.60404776166557,Amazonas - North
2024-01-02 06:00:00,28.137011994755646,0.0,68.89667216597145,Amazonas - North
2024-01-02 07:00:00,30.622589144028154,0.03933522341583832,68.01959264276698,Amazonas - North
2024-01-02 08:00:00,28.958502850731342,0.07345226119153776,69.22234846725343,Amazonas - North
2024-01-02 09:00:00,31.010911201478685,0.07641725744166973,69.2548989732461,Amazonas - North
2024-01-02 10:00:00,29.514253393828845,0.12548318153476593,66.5854395812094,Amazonas - North
2024-01-02 11:00:00,30.107247290771415,0.06477296897712712,60.10075107629999,Amazonas - North
2024-01-02 12:00:00,30.458063939860093,0.08783888824548174,68.37013651520854,Amazonas - North
2024-01-02 13:00:00,29.30767628663285,0.02640280179203767,75.19138767778277,Amazonas - North
2024-01-02 14:00:00,29.27388381069619,0.06125178372692663,64.11261561176444,Amazonas - North
2024-01-02 15:00:00,29.553751113020734,0.0929371896011284,65.86086964115644,Amazonas - North
2024-01-02 16:00:00,28.006336772572105,0.0346695989800491,68.76845426711631,Amazonas - North
2024-01-02 17:00:00,30.92731934114431,0.014031660059699566,62.33532879986639,Amazonas - North
2024-01-02 18:00:00,28.34359092054298,0.0,72.32495190324936,Amazonas - North
2024-01-02 19:00:00,24.639815925278867,0.0,75.87780525458622,Amazonas - North
2024-01-02 20:00:00,26.62368972765297,0.0,74.95642359777395,Amazonas - North
2024-01-02 21:00:00,26.057390883860574,0.0,75.15302952779435,Amazonas - North
2024-01-02 22:00:00,23.087809587511586,0.0,81.19835641209944,Amazonas - North
2024-01-02 23:00:00,24.79932498408269,0.0,74.20806964891345,Amazonas - North
2024-01-03 00:00:00,26.45323848857823,0.0,81.72144588412881,Amazonas - North
2024-01-03 01:00:00,25.42922442500532,0.0,69.59409155369148,Amazonas - North
2024-01-03 02:00:00,23.727333220262235,0.0,77.02181635980739,Amazonas - North
2024-01-03 03:00:00,27.641746342640737,0.0,76.130112461978,Amazonas - North
2024-01-03 04:00:00,26.48581067331413,0.0,66.78603412828646,Amazonas - North
2024-01-03 05:00:00,27.979928047208414,0.0,72.10814845719632,Amazonas - North
2024-01-03 06:00:00,26.343806298283724,0.0,74.28400409666185,Amazonas - North
2024-01-03 07:00:00,28.356526440621906,0.0204663221521466,65.19568918768675,Amazonas - North
2024-01-03 08:00:00,29.016700031128927,0.07638495611783193,68.93152320189968,Amazonas - North
2024-01-03 09:00:00,29.726466309809545,0.07822448636231484,62.924488284909216,Amazonas - North
2024-01-03 10:00:00,28.919388289776116,0.09408888803313148,69.20536327089059,Amazonas - North
2024-01-03 11:00:00,30.51744399184762,0.0993288549453513,75.02621543003617,Amazonas - North
2024-01-03 12:00:00,28.914647859886614,0.04748167788423945,63.460723092414355,Amazonas - North
2024-01-03 13:00:00,31.213234941709924,0.12785595428428148,70.24932418900009,Amazonas - North
2024-01-03 14:00:00,29.609037757305035,0.09873828882419101,69.23214101512683,Amazonas - North
2024-01-03 15:00:00,30.6663744070334,0.03978161586304584,61.838813481870915,Amazonas - North
2024-01-03 16:00:00,27.82404159962191,0.03292450461130581,66.40047530106192,Amazonas - North
2024-01-03 17:00:00,27.99318122357899,0.053731725096737154,72.87148527921359,Amazonas - North
2024-01-03 18:00:00,27.76167921672638,0.0,63.9768807337964,Amazonas - North
2024-01-03 19:00:00,27.851503400497236,0.0,77.05514064692332,Amazonas - North
2024-01-03 20:00:00,26.42686617084491,0.0,73.2374060296678,Amazonas - North
2024-01-03 21:00:00,24.96886092430836,0.0,74.21529866055289,Amazonas - North
2024-01-03 22:00:00,24.937576923451036,0.0,69.15574238074353,Amazonas - North
2024-01-03 23:00:00,25.169856172103007,0.0,81.01916416336063,Amazonas - North
2024-01-04 00:00:00,26.470586199293816,0.0,87.2828874811751,Amazonas - North
2024-01-04 01:00:00,25.370183896158824,0.0,66.68539926054271,Amazonas - North
2024-01-04 02:00:00,27.39806119843543,0.0,67.51045446852521,Amazonas - North
2024-01-04 03:00:00,25.273000541006354,0.0,72.33406922129029,Amazonas - North
2024-01-04 04:00:00,26.148108746289008,0.0,71.39094043211243,Amazonas - North
2024-01-04 05:00:00,26.09923689799576,0.0,79.47240990418875,Amazonas - North
2024-01-04 06:00:00,27.416674640080366,0.0,70.7064786449043,Amazonas - North
2024-01-04 07:00:00,28.59587727297511,0.020518728193209428,69.97503558291727,Amazonas - North
2024-01-04 08:00:00,27.83908717873095,0.07349894442144632,69.67290683401148,Amazonas - North
2024-01-04 09:00:00,28.23462888448836,0.08611902106412157,64.78594983543722,Amazonas - North
2024-01-04 10:00:00,30.63773324861785,0.03160691127467611,80.13341447351871,Amazonas - North
2024-01-04 11:00:00,30.596222122820553,0.032254001367340676,61.25717397932697,Amazonas - North
2024-01-04 12:00:00,29.115797359940224,0.15361771450615727,71.56292896844828,Amazonas - North
2024-01-04 13:00:00,28.3547334811904,0.042973907177785535,75.00612167464918,Amazonas - North
2024-01-04 14:00:00,30.592402653716338,0.09785184585816427,64.372320151776,Amazonas - North
2024-01-04 15:00:00,28.714092370515832,0.10592559956220203,73.45519999566253,Amazonas - North
2024-01-04 16:00:00,27.69886679292493,0.02116040073155773,75.80202129391645,Amazonas - North
2024-01-04 17:00:00,27.1559057694891,0.003819444444444447,64.99285128969038,Amazonas - North
2024-01-04 18:00:00,27.96128884806972,0.0,73.2739293330853,Amazonas - North
2024-01-04 19:00:00,27.406967507123653,0.0,69.375186507169,Amazonas - North
2024-01-04 20:00:00,27.171278602957738,0.0,82.77514080427474,Amazonas - North
2024-01-04 21:00:00,26.520045451948853,0.0,74.96289658950468,Amazonas - North
2024-01-04 22:00:00,24.590366397866624,0.0,76.29953539764281,Amazonas - North
2024-01-04 23:00:00,25.671267421361815,0.0,81.62112300729191,Amazonas - North
2024-01-05 00:00:00,24.70799352740014,0.0,74.06867845512649,Amazonas - North
2024-01-05 01:00:00,25.857655812739857,0.0,72.87231359819727,Amazonas - North
2024-01-05 02:00:00,27.359197820442898,0.0,66.01832943333945,Amazonas - North
2024-01-05 03:00:00,26.46605213131477,0.0,84.87117947268415,Amazonas - North
2024-01-05 04:00:00,25.62254158697831,0.0,78.0990307880252,Amazonas - North
2024-01-05 05:00:00,26.644742029188,0.0,80.09654685511632,Amazonas - North
2024-01-05 06:00:00,27.241210472793604,0.0,73.28595560111992,Amazonas - North
2024-01-05 07:00:00,28.38309289391373,0.01597197553022693,73.62660773195341,Amazonas - North
2024-01-05 08:00:00,28.141304967779273,0.05972771796777152,73.86303849647376,Amazonas - North
2024-01-05 09:00:00,29.660868970100967,0.05029227195617627,64.12407875590945,Amazonas - North
2024-01-05 10:00:00,28.774704556112,0.06284577226462094,75.0346069920464,Amazonas - North
2024-01-05 11:00:00,28.322604389076304,0.06273348220490559,78.1514122871796,Amazonas - North
2024-01-05 12:00:00,31.372742711604666,0.013642911758531677,66.88672532657283,Amazonas - North
2024-01-05 13:00:00,28.345429733355594,0.06712090734680237,74.89108846648031,Amazonas - North
2024-01-05 14:00:00,29.602306227054378,0.031673084357446,71.72887867487808,Amazonas - North
2024-01-05 15:00:00,28.688648011326904,0.07352342921418721,77.03247757759378,Amazonas - North
2024-01-05 16:00:00,29.839184546067706,0.019762695915421232,71.53824920293206,Amazonas - North
2024-01-05 17:00:00,27.386919064891337,0.03996434211547487,63.593898197706054,Amazonas - North
2024-01-05 18:00:00,28.091204224345827,0.0,65.37332668841817,Amazonas - North
2024-01-05 19:00:00,26.06132232929127,0.0,76.63610921726438,Amazonas - North
2024-01-05 20:00:00,26.303070789468368,0.0,71.01617333197393,Amazonas - North
2024-01-05 21:00:00,25.98093755722642,0.0,69.68680309146609,Amazonas - North
2024-01-05 22:00:00,26.460097063316535,0.0,63.5639509692635,Amazonas - North
2024-01-05 23:00:00,24.207929728661227,0.0,77.46828580006763,Amazonas - North
2024-01-06 00:00:00,24.392664744914693,0.0,85.45463291442847,Amazonas - North
2024-01-06 01:00:00,25.03803592198373,0.0,71.3031330500909,Amazonas - North
2024-01-06 02:00:00,25.514624742254767,0.0,69.71946634268816,Amazonas - North
2024-01-06 03:00:00,26.83631881506849,0.0,76.60344106402042,Amazonas - North
2024-01-06 04:00:00,26.23474659135611,0.0,74.58328925737507,Amazonas - North
2024-01-06 05:00:00,27.50636753406015,0.0,69.6920282953751,Amazonas - North
2024-01-06 06:00:00,26.44188480126087,0.0,70.89288549717625,Amazonas - North
2024-01-06 07:00:00,27.657959086988516,0.016326062077657025,60.902673969650806,Amazonas - North
2024-01-06 08:00:00,29.1088752615243,0.07198128974146219,80.03344513155274,Amazonas - North
2024-01-06 09:00:00,28.420355659622,0.0397604529342838,76.46525802128828,Amazonas - North
2024-01-06 10:00:00,28.595387045293226,0.11840063597276768,66.20490392107936,Amazonas - North
2024-01-06 11:00:00,28.45087829059968,0.07874588251196916,67.03340909545798,Amazonas - North
2024-01-06 12:00:00,29.081954319967043,0.16037653633782897,83.00578589918733,Amazonas - North
2024-01-06 13:00:00,30.919956876913705,0.06294676761570946,60.173630765520414,Amazonas - North
2024-01-06 14:00:00,29.570470211848782,0.06500244981244253,73.2588969360634,Amazonas - North
2024-01-06 15:00:00,29.306167470142558,0.09568261430488738,62.06222363138026,Amazonas - North
2024-01-06 16:00:00,27.664252265241558,0.04359453076689823,79.45218965004568,Amazonas - North
2024-01-06 17:00:00,28.288973999511025,0.025432211112631834,80.20353785035644,Amazonas - North
2024-01-06 18:00:00,26.737082088316992,0.0,82.21589524812356,Amazonas - North
2024-01-06 19:00:00,27.997030351239466,0.0,84.33184980367417,Amazonas - North
2024-01-06 20:00:00,26.14970366180038,0.0,67.56139741404009,Amazonas - North
2024-01-06 21:00:00,24.777449726891017,0.0,83.9646788952232,Amazonas - North
2024-01-06 22:00:00,27.11677891443215,0.0,72.70548632105111,Amazonas - North
2024-01-06 23:00:00,25.960125775673994,0.0,84.17255589634816,Amazonas - North
2024-01-07 00:00:00,24.41548337234708,0.0,74.88602146137264,Amazonas - North
2024-01-07 01:00:00,26.095278115528934,0.0,78.68889938150258,Amazonas - North
2024-01-07 02:00:00,26.04558880280814,0.0,72.17103152661531,Amazonas - North
2024-01-07 03:00:00,24.705041646971956,0.0,75.90801849834922,Amazonas - North
2024-01-07 04:00:00,29.259238854165346,0.0,73.19242136971046,Amazonas - North
2024-01-07 05:00:00,26.518667317446347,0.0,77.14737569601976,Amazonas - North
2024-01-07 06:00:00,26.33978898173711,0.0,81.54124329821502,Amazonas - North
2024-01-07 07:00:00,27.773503990452227,0.039894958104422056,71.85141749011159,Amazonas - North
2024-01-07 08:00:00,30.055281334703295,0.06653349328674055,65.58919558810122,Amazonas - North
2024-01-07 09:00:00,27.874641548916863,0.08852232633181739,79.09312243229704,Amazonas - North
2024-01-07 10:00:00,30.263008318023118,0.011111111111111113,81.96991335791498,Amazonas - North
2024-01-07 11:00:00,29.94900427471355,0.06984093011819578,65.82236419458971,Amazonas - North
2024-01-07 12:00:00,29.932204894019105,0.0752653843149831,67.8350846909007,Amazonas - North
2024-01-07 13:00:00,30.805848713021213,0.08013540443197385,72.43280486164385,Amazonas - North
2024-01-07 14:00:00,28.26962846767261,0.05768646638446228,66.56003499737999,Amazonas - North
2024-01-07 15:00:00,28.486737504133547,0.10380041448659023,69.44317154004119,Amazonas - North
2024-01-07 16:00:00,29.043072606438727,0.05220669049664834,68.08400605296912,Amazonas - North
2024-01-07 17:00:00,28.70385341491183,0.011642609923393811,67.39338231390788,Amazonas - North
2024-01-07 18:00:00,28.106885001512374,0.0,73.85565759500254,Amazonas - North
2024-01-07 19:00:00,26.663238751130837,0.0,72.02676973684036,Amazonas - North
2024-01-07 20:00:00,26.926453786984485,0.0,82.4854381929011,Amazonas - North
2024-01-07 21:00:00,24.604089029910998,0.0,78.72770287598959,Amazonas - North
2024-01-07 22:00:00,25.06645605054562,0.0,68.33469952409403,Amazonas - North
2024-01-07 23:00:00,26.433303224279673,0.0,81.23971587139793,Amazonas - North
2024-01-08 00:00:00,26.188803354877308,0.0,80.21550369915036,Amazonas - North
2024-01-08 01:00:00,23.135806867374356,0.0,78.50290199941944,Amazonas - North
2024-01-08 02:00:00,24.93995247687562,0.0,67.23319943389595,Amazonas - North
2024-01-08 03:00:00,25.05179902093261,0.0,75.27205134690084,Amazonas - North
2024-01-08 04:00:00,26.696835293245297,0.0,71.89103074950292,Amazonas - North
2024-01-08 05:00:00,27.743103540353477,0.0,66.95261065868934,Amazonas - North
2024-01-08 06:00:00,26.96888971173546,0.0,84.04234485200942,Amazonas - North
2024-01-08 07:00:00,27.99278949000979,0.009960180832011148,66.0731940952436,Amazonas - North
2024-01-08 08:00:00,28.858265730579532,0.05480484151963625,81.75532753169938,Amazonas - North
2024-01-08 09:00:00,28.216311852806875,0.050581130875196945,73.39539090077672,Amazonas - North
2024-01-08 10:00:00,29.043663427381087,0.09210365436612804,69.38571680973692,Amazonas - North
2024-01-08 11:00:00,31.141451101363963,0.0550844567452674,61.474159559284054,Amazonas - North
2024-01-08 12:00:00,28.164134598348785,0.0968490072069867,68.75967007248582,Amazonas - North
2024-01-08 13:00:00,29.16365402777165,0.08193738450241277,64.18333862901623,Amazonas - North
2024-01-08 14:00:00,31.195476880013977,0.1269521517202685,74.51387005576065,Amazonas - North
2024-01-08 15:00:00,28.503872989024416,0.08937739764764933,72.82462739987682,Amazonas - North
2024-01-08 16:00:00,27.658158705147468,0.04152396684363394,72.64174641937117,Amazonas - North
2024-01-08 17:00:00,27.932950011445474,0.03345775129149533,71.46579146545145,Amazonas - North
2024-01-08 18:00:00,28.048898442764624,0.0,69.12787917064423,Amazonas - North
2024-01-08 19:00:00,28.0458750677255,0.0,83.64448023433988,Amazonas - North
2024-01-08 20:00:00,27.209548706028176,0.0,69.91069786241262,Amazonas - North
2024-01-08 21:00:00,25.865972148880186,0.0,83.7904669792471,Amazonas - North
2024-01-08 22:00:00,25.07738759509856,0.0,70.03539425417759,Amazonas - North
2024-01-08 23:00:00,25.4002992448232,0.0,80.14857058030293,Amazonas - North
2024-01-09 00:00:00,24.160612297130843,0.0,77.37277903597314,Amazonas - North
2024-01-09 01:00:00,25.128664670817525,0.0,73.50115813423344,Amazonas - North
2024-01-09 02:00:00,27.239668636111517,0.0,79.6157772083536,Amazonas - North
2024-01-09 03:00:00,25.698094844055316,0.0,78.63101337517868,Amazonas - North
2024-01-09 04:00:00,27.057248923510777,0.0,75.51982652190229,Amazonas - North
2024-01-09 05:00:00,26.622894148269097,0.0,72.6895282764706,Amazonas - North
2024-01-09 06:00:00,26.371446847609853,0.0,77.62984876817865,Amazonas - North
2024-01-09 07:00:00,26.27686174495784,0.01991553261665858,67.79170521127192,Amazonas - North
2024-01-09 08:00:00,27.802622920137587,0.08336912126599401,79.20008107269369,Amazonas - North
2024-01-09 09:00:00,29.83347415084523,0.10596248401620023,69.54625877563223,Amazonas - North
2024-01-09 10:00:00,29.508561363558442,0.06345884189776846,60.49134121239929,Amazonas - North
2024-01-09 11:00:00,29.124767375688027,0.10850814221453009,68.97360848587051,Amazonas - North
2024-01-09 12:00:00,31.92790315137142,0.09605528872910256,64.74537589906332,Amazonas - North
2024-01-09 13:00:00,28.825356156519987,0.08125663812647767,69.72379647096108,Amazonas - North
2024-01-09 14:00:00,29.45900322684684,0.08284784533713785,64.77348104387427,Amazonas - North
2024-01-09 15:00:00,29.139956710421217,0.07984943156311483,71.3502365606479,Amazonas - North
2024-01-09 16:00:00,26.085611096346017,0.045763358732063414,75.1216817190693,Amazonas - North
2024-01-09 17:00:00,27.258518540295235,0.023667313313199555,67.00771794370647,Amazonas - North
2024-01-09 18:00:00,26.342657807747326,0.0,69.00605470339211,Amazonas - North
2024-01-09 19:00:00,26.91701475282152,0.0,76.94495621492874,Amazonas - North
2024-01-09 20:00:00,28.384460827316193,0.0,80.18036331708066,Amazonas - North
2024-01-09 21:00:00,26.271310829981022,0.0,80.31247999636084,Amazonas - North
2024-01-09 22:00:00,24.38720807873519,0.0,83.04281845292495,Amazonas - North
2024-01-09 23:00:00,26.0964455654299,0.0,77.60016954088772,Amazonas - North
2024-01-10 00:00:00,25.095557254761083,0.0,75.69522402940284,Amazonas - North
2024-01-10 01:00:00,26.9709989420086,0.0,73.09723238177452,Amazonas - North
2024-01-10 02:00:00,25.493086232938996,0.0,83.14526542213531,Amazonas - North
2024-01-10 03:00:00,26.242547381401348,0.0,80.57077215622544,Amazonas - North
2024-01-10 04:00:00,25.659152058871474,0.0,72.39259242900728,Amazonas - North
2024-01-10 05:00:00,27.26950634980221,0.0,72.35533646759683,Amazonas - North
2024-01-10 06:00:00,28.739630869271394,0.0,64.28622285767663,Amazonas - North
2024-01-10 07:00:00,27.044937392654763,0.044486016392765816,66.60977941192385,Amazonas - North
2024-01-10 08:00:00,28.043307125323935,0.03932756693437165,76.18778744815856,Amazonas - North
2024-01-10 09:00:00,30.77882557206373,0.09063099442604226,67.50824051659382,Amazonas - North
2024-01-10 10:00:00,28.968285068682768,0.08635014143384118,71.71880600303814,Amazonas - North
2024-01-10 11:00:00,29.256670538414866,0.0322671520820848,75.63028351511912,Amazonas - North
2024-01-10 12:00:00,27.46083831257873,0.05472589476059398,73.36990395995505,Amazonas - North
2024-01-10 13:00:00,30.5742040862434,0.04828755578778362,73.09979025736655,Amazonas - North
2024-01-10 14:00:00,29.325577535967582,0.08921506665270697,76.49512476987661,Amazonas - North
2024-01-10 15:00:00,28.196549290744308,0.06009883195175441,65.78327277501009,Amazonas - North
2024-01-10 16:00:00,28.457622683341597,0.040072718960375384,79.33297471360923,Amazonas - North
2024-01-10 17:00:00,28.524359983325176,0.03320221821265733,74.14835444870211,Amazonas - North
2024-01-10 18:00:00,28.699319974364442,0.0,68.38992690540634,Amazonas - North
2024-01-10 19:00:00,25.541858865057776,0.0,80.08825780612368,Amazonas - North
2024-01-10 20:00:00,27.48639091081539,0.0,68.56047649009284,Amazonas - North
2024-01-10 21:00:00,25.93124407812075,0.0,81.08055757793957,Amazonas - North
2024-01-10 22:00:00,25.87763255939208,0.0,79.66917649923913,Amazonas - North
2024-01-10 23:00:00,26.601674245212255,0.0,72.2828789822213,Amazonas - North
2024-01-11 00:00:00,25.990623683332757,0.0,76.10460807060531,Amazonas - North
2024-01-11 01:00:00,25.59930867702331,0.0,68.06584108563887,Amazonas - North
2024-01-11 02:00:00,26.7435107948962,0.0,77.23582111476126,Amazonas - North
2024-01-11 03:00:00,25.634611900407016,0.0,75.81758228162263,Amazonas - North
2024-01-11 04:00:00,28.032796660719324,0.0,74.32755177446701,Amazonas - North
2024-01-11 05:00:00,25.669790049774576,0.0,77.75595507301068,Amazonas - North
2024-01-11 06:00:00,27.56798949766568,0.0,80.40211596700306,Amazonas - North
2024-01-11 07:00:00,29.00872618635684,0.011263318683644953,75.55285093965777,Amazonas - North
2024-01-11 08:00:00,28.920645232062174,0.06504493696598802,73.6975904793632,Amazonas - North
2024-01-11 09:00:00,30.11325411871556,0.06327931459887955,70.85632911899545,Amazonas - North
2024-01-11 10:00:00,30.57303565759308,0.04784680199494592,70.6058969679123,Amazonas - North
2024-01-11 11:00:00,29.688150486554804,0.07678572378188252,67.99552893386887,Amazonas - North
2024-01-11 12:00:00,30.33002193333255,0.09066716517689395,73.61000635801234,Amazonas - North
2024-01-11 13:00:00,30.26850419934905,0.05223163736867331,65.77349007000706,Amazonas - North
2024-01-11 14:00:00,28.807783795697432,0.13172684759958123,72.43793600940816,Amazonas - North
2024-01-11 15:00:00,28.528173901882408,0.08393396925997372,78.10229044989234,Amazonas - North
2024-01-11 16:00:00,29.421956799615597,0.03263216815325528,69.01860633802362,Amazonas - North
2024-01-11 17:00:00,27.73804776321565,0.03174931312850821,66.4059870126472,Amazonas - North
2024-01-11 18:00:00,29.602516215475152,0.0,76.08977236481644,Amazonas - North
2024-01-11 19:00:00,26.13729604115685,0.0,77.48188340832291,Amazonas - North
2024-01-11 20:00:00,26.51579190482372,0.0,75.85199395252268,Amazonas - North
2024-01-11 21:00:00,26.93095894751185,0.0,78.3187598835808,Amazonas - North
2024-01-11 22:00:00,26.39535411380068,0.0,77.02416598001827,Amazonas - North
2024-01-11 23:00:00,24.476312535191894,0.0,69.70298175003242,Amazonas - North
2024-01-12 00:00:00,23.532967473108094,0.0,77.52203299558072,Amazonas - North
2024-01-12 01:00:00,23.8427692109425,0.0,69.29774394372811,Amazonas - North
2024-01-12 02:00:00,26.466406287924777,0.0,80.60769056091601,Amazonas - North
2024-01-12 03:00:00,24.9614428957179,0.0,86.02788754767609,Amazonas - North
2024-01-12 04:00:00,25.83100266327844,0.0,77.95582844664737,Amazonas - North
2024-01-12 05:00:00,25.535959430986427,0.0,72.01651597791641,Amazonas - North
2024-01-12 06:00:00,27.810082238709033,0.0,72.34093532074269,Amazonas - North
2024-01-12 07:00:00,28.513861000883495,0.042655647198073764,58.24567422001779,Amazonas - North
2024-01-12 08:00:00,26.47312669539808,0.041978699045815714,57.262801487079784,Amazonas - North
2024-01-12 09:00:00,31.334297906775124,0.1399013272188125,70.80273046060562,Amazonas - North
2024-01-12 10:00:00,27.88775240469029,0.05737455858194051,70.11478489148254,Amazonas - North
2024-01-12 11:00:00,30.133896199799317,0.1267883634257094,62.12170024528656,Amazonas - North
2024-01-12 12:00:00,31.807035162886557,0.08542817998340352,66.74819680477245,Amazonas - North
2024-01-12 13:00:00,29.071575770492927,0.101808408378517,68.4576790983123,Amazonas - North
2024-01-12 14:00:00,31.435905401950997,0.07958387707102396,69.49434285930471,Amazonas - North
2024-01-12 15:00:00,29.509317904249713,0.056204601600071374,66.64698777655194,Amazonas - North
2024-01-12 16:00:00,27.755776483290866,0.0574631828354403,71.9002701236053,Amazonas - North
2024-01-12 17:00:00,28.89103595256721,0.015964933285423328,75.73803939666892,Amazonas - North
2024-01-12 18:00:00,26.44925138598381,0.0,75.62111643294469,Amazonas - North
2024-01-12 19:00:00,26.95680892980157,0.0,75.72290291463479,Amazonas - North
2024-01-12 20:00:00,25.483200411348776,0.0,75.01346639144587,Amazonas - North
2024-01-12 21:00:00,26.497800532597438,0.0,74.4036249284694,Amazonas - North
2024-01-12 22:00:00,24.57487256162662,0.0,78.66685811304181,Amazonas - North
2024-01-12 23:00:00,25.61587050031742,0.0,76.73953147438117,Amazonas - North
2024-01-13 00:00:00,26.360520726753595,0.0,78.74098773141318,Amazonas - North
2024-01-13 01:00:00,25.37457161733685,0.0,75.07695064010153,Amazonas - North
2024-01-13 02:00:00,25.0876838914293,0.0,73.2056340852731,Amazonas - North
2024-01-13 03:00:00,25.134524201883426,0.0,84.26000696755916,Amazonas - North
2024-01-13 04:00:00,26.642445989434524,0.0,72.61313506016121,Amazonas - North
2024-01-13 05:00:00,25.13150862023117,0.0,75.51120588312348,Amazonas - North
2024-01-13 06:00:00,28.49910393274736,0.0,79.25955924367194,Amazonas - North
2024-01-13 07:00:00,27.248816035878715,0.016757577162115157,68.21196986468402,Amazonas - North
2024-01-13 08:00:00,26.676260551375208,0.03193255779791087,75.4032734081438,Amazonas - North
2024-01-13 09:00:00,30.055063356469407,0.10872001722626262,70.89218327833349,Amazonas - North
2024-01-13 10:00:00,28.75723743183413,0.07147566452348207,68.71118313426413,Amazonas - North
2024-01-13 11:00:00,28.275995103949793,0.13187465348121444,67.7660145713311,Amazonas - North
2024-01-13 12:00:00,30.827904119355285,0.09026664723331772,66.79431036636988,Amazonas - North
2024-01-13 13:00:00,29.852048636325186,0.05910460484141949,76.40582306288158,Amazonas - North
2024-01-13 14:00:00,31.48385819994239,0.0587728950697019,56.135509240698866,Amazonas - North
2024-01-13 15:00:00,28.05360857630733,0.07992801589542341,68.25455435924933,Amazonas - North
2024-01-13 16:00:00,29.28222510526907,0.0621577933257762,67.96340322036372,Amazonas - North
2024-01-13 17:00:00,27.200868134372165,0.021873586208887616,78.34976256468273,Amazonas - North
2024-01-13 18:00:00,28.82433785217714,0.0,71.10361013208629,Amazonas - North
2024-01-13 19:00:00,27.01412104463652,0.0,71.8824934041398,Amazonas - North
2024-01-13 20:00:00,27.91416675901725,0.0,73.7047854699755,Amazonas - North
2024-01-13 21:00:00,25.120384853634153,0.0,80.64408102243306,Amazonas - North
2024-01-13 22:00:00,25.828456029820558,0.0,81.25957403762625,Amazonas - North
2024-01-13 23:00:00,24.3252225498353,0.0,77.8230614457903,Amazonas - North
2024-01-14 00:00:00,25.42152933545188,0.0,73.57548822632658,Amazonas - North
2024-01-14 01:00:00,26.841151443843202,0.0,70.73962108536311,Amazonas - North
2024-01-14 02:00:00,23.013667807868025,0.0,79.21225584686294,Amazonas - North
2024-01-14 03:00:00,26.23457297636778,0.0,83.54880426693241,Amazonas - North
2024-01-14 04:00:00,26.66705128634724,0.0,74.02639120333228,Amazonas - North
2024-01-14 05:00:00,25.998157166735655,0.0,79.26614991264071,Amazonas - North
2024-01-14 06:00:00,28.139460990199982,0.0,74.95910334535866,Amazonas - North
2024-01-14 07:00:00,28.714462873499393,0.026974183730287593,73.1309087748533,Amazonas - North
2024-01-14 08:00:00,30.112214954879455,0.05219427746080988,81.36456832104045,Amazonas - North
2024-01-14 09:00:00,28.52020600450749,0.07322405254898251,64.13461571944028,Amazonas - North
2024-01-14 10:00:00,29.75008942419144,0.0575886633875534,75.33633844299717,Amazonas - North
2024-01-14 11:00:00,29.400489021062867,0.05827920003594635,76.77299404522509,Amazonas - North
2024-01-14 12:00:00,30.712415725067622,0.06202466517859243,70.17841942653891,Amazonas - North
2024-01-14 13:00:00,29.229598904730548,0.07576998724013068,81.56534768330165,Amazonas - North
2024-01-14 14:00:00,30.13842197985596,0.049911337094561796,68.29028374044371,Amazonas - North
2024-01-14 15:00:00,30.233798262702905,0.048701585943132925,64.59017893508715,Amazonas - North
2024-01-14 16:00:00,28.496894915193117,0.04700231847328625,74.33284823656794,Amazonas - North
2024-01-14 17:00:00,27.93391307599867,0.031538741630526036,66.98604704138884,Amazonas - North
2024-01-14 18:00:00,27.657011978692935,0.0,65.7571624614216,Amazonas - North
2024-01-14 19:00:00,25.367766311180176,0.0,83.0324810111688,Amazonas - North
2024-01-14 20:00:00,26.84471665399968,0.0,74.65241142744033,Amazonas - North
2024-01-14 21:00:00,27.13564772216794,0.0,72.86974122767894,Amazonas - North
2024-01-14 22:00:00,24.041855479927275,0.0,67.4709897394032,Amazonas - North
2024-01-14 23:00:00,23.33081042406244,0.0,83.07944637520959,Amazonas - North
2024-01-15 00:00:00,26.33611047200809,0.0,82.43824174848889,Amazonas - North
2024-01-15 01:00:00,25.62091518559928,0.0,71.85384510721074,Amazonas - North
2024-01-15 02:00:00,26.74913535696742,0.0,70.32204490083684,Amazonas - North
2024-01-15 03:00:00,26.781922530535137,0.0,75.13948870652892,Amazonas - North
2024-01-15 04:00:00,27.329861634117304,0.0,76.20740274408999,Amazonas - North
2024-01-15 05:00:00,27.383737868675038,0.0,57.88042577752529,Amazonas - North
2024-01-15 06:00:00,27.48463098625249,0.0,77.65650723612897,Amazonas - North
2024-01-15 07:00:00,28.258178425598526,0.02134506847652726,66.66712583739299,Amazonas - North
2024-01-15 08:00:00,29.071939112235512,0.04929079899072891,70.74033418113977,Amazonas - North
2024-01-15 09:00:00,28.595801565383347,0.01246761468411494,75.05193977334837,Amazonas - North
2024-01-15 10:00:00,28.71401620215988,0.060568813728575345,74.13341831567274,Amazonas - North
2024-01-15 11:00:00,30.318204675718416,0.0653433563801452,70.23604651992208,Amazonas - North
2024-01-15 12:00:00,28.864291318371617,0.08789373209872213,77.51417623787106,Amazonas - North
2024-01-15 13:00:00,29.163818242788754,0.03936072801048627,74.73568671099274,Amazonas - North
2024-01-15 14:00:00,31.408848656524302,0.03336734530491123,61.07945967472192,Amazonas - North
2024-01-15 15:00:00,30.413900921110713,0.06832999686551756,77.45253251302474,Amazonas - North
2024-01-15 16:00:00,27.993172875245445,0.06174914571154811,74.9238600862177,Amazonas - North
2024-01-15 17:00:00,29.59469434538522,0.026134762577721515,79.96424108347048,Amazonas - North
2024-01-15 18:00:00,27.357261418196273,0.0,81.02654558762013,Amazonas - North
2024-01-15 19:00:00,27.639062944819827,0.0,72.40696812756957,Amazonas - North
2024-01-15 20:00:00,26.021153410119837,0.0,78.39307343073192,Amazonas - North
2024-01-15 21:00:00,25.560261180776557,0.0,80.23527230576119,Amazonas - North
2024-01-15 22:00:00,25.8583387091711,0.0,76.95567346438459,Amazonas - North
2024-01-15 23:00:00,23.843187497517604,0.0,74.84007506137141,Amazonas - North
2024-01-16 00:00:00,25.688820980338015,0.0,81.03283975917014,Amazonas - North
2024-01-16 01:00:00,23.853178468644597,0.0,80.38373823395825,Amazonas - North
2024-01-16 02:00:00,24.596235876652322,0.0,74.5204496237649,Amazonas - North
2024-01-16 03:00:00,25.404322673025234,0.0,68.02820957398832,Amazonas - North
2024-01-16 04:00:00,25.506047860348843,0.0,73.61873373413619,Amazonas - North
2024-01-16 05:00:00,26.151354965368068,0.0,75.93320930249972,Amazonas - North
2024-01-16 06:00:00,28.942983949570735,0.0,67.69524579517508,Amazonas - North
2024-01-16 07:00:00,28.632340563039424,0.016760938965914015,71.74511172110535,Amazonas - North
2024-01-16 08:00:00,27.790157377609802,0.027172532818583336,71.49959674575507,Amazonas - North
2024-01-16 09:00:00,28.12808825224742,0.04152044242137581,72.87315781412511,Amazonas - North
2024-01-16 10:00:00,30.849377438071784,0.10750700204062778,75.48809287770405,Amazonas - North
2024-01-16 11:00:00,28.907141466343184,0.1267267710962057,68.15029480795728,Amazonas - North
2024-01-16 12:00:00,30.2285169562171,0.04074235039291457,75.53857680533346,Amazonas - North
2024-01-16 13:00:00,28.241648466009178,0.08907701299403896,74.16812083012549,Amazonas - North
2024-01-16 14:00:00,31.015731757727934,0.09093864271592984,69.80788261928389,Amazonas - North
2024-01-16 15:00:00,28.493318573390912,0.1276992944196821,66.032804002428,Amazonas - North
2024-01-16 16:00:00,28.981548666911372,0.06151838937390149,79.51144763145359,Amazonas - North
2024-01-16 17:00:00,28.402051934726877,0.02536078866115934,69.91073759937292,Amazonas - North
2024-01-16 18:00:00,27.68742127340501,0.0,80.78059650843079,Amazonas - North
2024-01-16 19:00:00,28.62792010543802,0.0,73.79561132886474,Amazonas - North
2024-01-16 20:00:00,26.10911067120639,0.0,70.62576706834972,Amazonas - North
2024-01-16 21:00:00,25.427587921642907,0.0,72.40269365981636,Amazonas - North
2024-01-16 22:00:00,26.98559643506341,0.0,72.66297942914223,Amazonas - North
2024-01-16 23:00:00,26.90407212438781,0.0,73.64474667194207,Amazonas - North
2024-01-17 00:00:00,26.009436458236372,0.0,74.1257399039951,Amazonas - North
2024-01-17 01:00:00,25.110894185323517,0.0,75.80599842979164,Amazonas - North
2024-01-17 02:00:00,25.71861749091824,0.0,75.81822868744467,Amazonas - North
2024-01-17 03:00:00,26.357545674531988,0.0,71.32507337017921,Amazonas - North
2024-01-17 04:00:00,25.229211610508113,0.0,70.49522946900716,Amazonas - North
2024-01-17 05:00:00,27.80611252374846,0.0,79.77491975658995,Amazonas - North
2024-01-17 06:00:00,27.517874641538825,0.0,58.73664728408144,Amazonas - North
2024-01-17 07:00:00,28.387860117808643,0.024499124481281595,72.39291461841665,Amazonas - North
2024-01-17 08:00:00,27.838247922476093,0.07600071384127173,79.171189352299,Amazonas - North
2024-01-17 09:00:00,30.129576914257644,0.057867849193127464,73.29787228034718,Amazonas - North
2024-01-17 10:00:00,28.94416343347925,0.11931169427357342,78.93798244421951,Amazonas - North
2024-01-17 11:00:00,31.365309776403173,0.11307581998027043,66.36124787934115,Amazonas - North
2024-01-17 12:00:00,29.108809805483656,0.0578169605212308,75.06828241758576,Amazonas - North
2024-01-17 13:00:00,29.04804180476439,0.0980598866907194,71.09389252073557,Amazonas - North
2024-01-17 14:00:00,27.918854368260188,0.04022978418341041,77.39477649454695,Amazonas - North
2024-01-17 15:00:00,29.759782711458868,0.053654683972673735,78.75870456106537,Amazonas - North
2024-01-17 16:00:00,28.91753794051082,0.05813264409107679,68.13753157650942,Amazonas - North
2024-01-17 17:00:00,28.0321261781736,0.0176605212891982,65.97180661550752,Amazonas - North
2024-01-17 18:00:00,28.39444316475834,0.0,67.95546656298573,Amazonas - North
2024-01-17 19:00:00,26.69885604087898,0.0,78.30387888885193,Amazonas - North
2024-01-17 20:00:00,26.003633681866884,0.0,92.37944189974311,Amazonas - North
2024-01-17 21:00:00,25.36616941630377,0.0,75.52821190626682,Amazonas - North
2024-01-17 22:00:00,24.591960835519778,0.0,87.30982629424108,Amazonas - North
2024-01-17 23:00:00,25.054708164946287,0.0,80.15139483214067,Amazonas - North
2024-01-18 00:00:00,26.646524645892104,0.0,70.98450364228438,Amazonas - North
2024-01-18 01:00:00,26.548597972225622,0.0,78.01382407695783,Amazonas - North
2024-01-18 02:00:00,26.312040496775225,0.0,77.96817424808181,Amazonas - North
2024-01-18 03:00:00,26.131720634639592,0.0,70.34194968329294,Amazonas - North
2024-01-18 04:00:00,26.221705051835,0.0,76.06279502250504,Amazonas - North
2024-01-18 05:00:00,27.447735583080668,0.0,70.51060565036563,Amazonas - North
2024-01-18 06:00:00,27.855040866532104,0.0,67.85830877799224,Amazonas - North
2024-01-18 07:00:00,28.544303151570297,0.019824707917978666,74.36702042983217,Amazonas - North
2024-01-18 08:00:00,27.37719025760301,0.038946372512671155,71.38740922336414,Amazonas - North
2024-01-18 09:00:00,31.157732892988573,0.0829707309643346,74.41800169381862,Amazonas - North
2024-01-18 10:00:00,29.489799753757374,0.11144481131179464,67.78718728855394,Amazonas - North
2024-01-18 11:00:00,28.963148726118003,0.09917080343023382,64.46468491083051,Amazonas - North
2024-01-18 12:00:00,30.36159027825595,0.10178676307860235,70.62428383781483,Amazonas - North
2024-01-18 13:00:00,30.060787489464147,0.06538362439478748,69.89738152694554,Amazonas - North
2024-01-18 14:00:00,30.50930517619914,0.04825168998899771,77.07789847207754,Amazonas - North
2024-01-18 15:00:00,30.540141628654332,0.05528567901437581,68.38728445870245,Amazonas - North
2024-01-18 16:00:00,28.522206899144024,0.05153193795338818,72.66347084078659,Amazonas - North
2024-01-18 17:00:00,26.46225697213913,0.0186818816692015,64.18841994722993,Amazonas - North
2024-01-18 18:00:00,28.061340378004882,0.0,74.91849293388124,Amazonas - North
2024-01-18 19:00:00,28.941488746875475,0.0,60.815880719112606,Amazonas - North
2024-01-18 20:00:00,27.12663865279052,0.0,86.33015325762481,Amazonas - North
2024-01-18 21:00:00,26.67711019132013,0.0,74.92995961117605,Amazonas - North
2024-01-18 22:00:00,23.775277481420897,0.0,76.71791517511724,Amazonas - North
2024-01-18 23:00:00,26.656101768569275,0.0,73.28982120716029,Amazonas - North
2024-01-19 00:00:00,25.817394537228513,0.0,80.32926935879384,Amazonas - North
2024-01-19 01:00:00,24.759234782076234,0.0,75.64971807818534,Amazonas - North
2024-01-19 02:00:00,25.483532924520453,0.0,79.36432555957893,Amazonas - North
2024-01-19 03:00:00,26.32698888563635,0.0,73.68780508505199,Amazonas - North
2024-01-19 04:00:00,24.215156246110865,0.0,74.46376762362378,Amazonas - North
2024-01-19 05:00:00,27.30014689718607,0.0,84.67898276328569,Amazonas - North
2024-01-19 06:00:00,28.10615560767825,0.0,81.36960116533716,Amazonas - North
2024-01-19 07:00:00,29.44851186310878,0.016858432295286344,60.357175803578755,Amazonas - North
2024-01-19 08:00:00,28.166182747396682,0.02936878892020252,68.90275490128231,Amazonas - North
2024-01-19 09:00:00,28.358636602707623,0.02065853455658729,69.98120908193307,Amazonas - North
2024-01-19 10:00:00,29.42923498703956,0.09394429488219486,66.94377818835049,Amazonas - North
2024-01-19 11:00:00,30.46369137302626,0.012152777777777778,64.95565251494044,Amazonas - North
2024-01-19 12:00:00,30.86341172478523,0.08482398379083093,62.787817179071745,Amazonas - North
2024-01-19 13:00:00,30.04959609733105,0.10419527687530548,65.1049662553817,Amazonas - North
2024-01-19 14:00:00,28.97561151307271,0.03204628591215546,68.7574607056304,Amazonas - North
2024-01-19 15:00:00,28.66742609627561,0.1304687188670419,62.71360074084532,Amazonas - North
2024-01-19 16:00:00,27.506116566366778,0.043874073911105614,80.52903818971345,Amazonas - North
2024-01-19 17:00:00,28.5709933668625,0.029014046298036843,60.60857990707545,Amazonas - North
2024-01-19 18:00:00,27.811326862573893,0.0,68.20108886737079,Amazonas - North
2024-01-19 19:00:00,26.366467913533807,0.0,69.82229777067444,Amazonas - North
2024-01-19 20:00:00,26.065719410104304,0.0,76.22330384485915,Amazonas - North
2024-01-19 21:00:00,24.545860206842615,0.0,71.19400871696067,Amazonas - North
2024-01-19 22:00:00,24.997095813407984,0.0,79.34835040620243,Amazonas - North
2024-01-19 23:00:00,25.4180860854381,0.0,75.56293687516204,Amazonas - North
2024-01-20 00:00:00,26.469373555768954,0.0,81.47820794281287,Amazonas - North
2024-01-20 01:00:00,26.057842543563925,0.0,69.5854382500648,Amazonas - North
2024-01-20 02:00:00,26.946958898512733,0.0,73.23959520761511,Amazonas - North
2024-01-20 03:00:00,26.644666653102853,0.0,72.09608801686178,Amazonas - North
2024-01-20 04:00:00,27.22359591265835,0.0,81.05395382374022,Amazonas - North
2024-01-20 05:00:00,26.78975649059708,0.0,69.80264072698407,Amazonas - North
2024-01-20 06:00:00,25.873353366629715,0.0,73.7876328914627,Amazonas - North
2024-01-20 07:00:00,28.323650699068313,0.02570398776419942,69.68569938550121,Amazonas - North
2024-01-20 08:00:00,28.75529072379769,0.04555377674095587,73.53752866803708,Amazonas - North
2024-01-20 09:00:00,28.150239305730477,0.06862929987298823,65.28221153639156,Amazonas - North
2024-01-20 10:00:00,31.441191949248054,0.09799807854553856,62.02127797745748,Amazonas - North
2024-01-20 11:00:00,27.874147432054162,0.0789628540641257,73.94461957877488,Amazonas - North
2024-01-20 12:00:00,29.411623116148526,0.0989509731514883,66.05444366546352,Amazonas - North
2024-01-20 13:00:00,28.0250506663358,0.0869053070976692,74.70406072424547,Amazonas - North
2024-01-20 14:00:00,28.91170233072216,0.061327161134260864,78.02282084815795,Amazonas - North
2024-01-20 15:00:00,29.620666532488574,0.08394138180554721,70.60045580663312,Amazonas - North
2024-01-20 16:00:00,27.968545364988852,0.019452317148261226,69.03364684976152,Amazonas - North
2024-01-20 17:00:00,28.520861518515144,0.029409861154148134,67.33637059961086,Amazonas - North
2024-01-20 18:00:00,27.26673380365055,0.0,75.39129892283725,Amazonas - North
2024-01-20 19:00:00,26.248285621673862,0.0,79.67320385055883,Amazonas - North
2024-01-20 20:00:00,25.28097772544932,0.0,77.45074205245635,Amazonas - North
2024-01-20 21:00:00,27.44755753239122,0.0,72.53896217249682,Amazonas - North
2024-01-20 22:00:00,27.020158946441427,0.0,72.15674734604376,Amazonas - North
2024-01-20 23:00:00,25.064671274280723,0.0,65.14434814136422,Amazonas - North
2024-01-21 00:00:00,23.910696389742114,0.0,79.76254812251258,Amazonas - North
2024-01-21 01:00:00,25.28223494267433,0.0,73.98531736593137,Amazonas - North
2024-01-21 02:00:00,25.197045476105405,0.0,77.30974947117818,Amazonas - North
2024-01-21 03:00:00,25.82880450515588,0.0,74.74979471140067,Amazonas - North
2024-01-21 04:00:00,26.02267012889984,0.0,72.57668146302251,Amazonas - North
2024-01-21 05:00:00,25.51881052822451,0.0,71.54892705897097,Amazonas - North
2024-01-21 06:00:00,27.16713249793938,0.0,78.6333436433094,Amazonas - North
2024-01-21 07:00:00,29.17842488300069,0.042652129052735695,71.98043652696867,Amazonas - North
2024-01-21 08:00:00,28.354317681469173,0.06316224562921259,77.33662586023391,Amazonas - North
2024-01-21 09:00:00,29.601566322423434,0.07646885142332766,69.90198971830954,Amazonas - North
2024-01-21 10:00:00,30.78806579382525,0.05881382205343605,69.37385925017581,Amazonas - North
2024-01-21 11:00:00,29.156033235370575,0.03377242109176514,71.21978362303894,Amazonas - North
2024-01-21 12:00:00,30.562956314214897,0.06368323291777812,61.005693991326396,Amazonas - North
2024-01-21 13:00:00,28.88241752808639,0.012152777777777778,62.417078070934565,Amazonas - North
2024-01-21 14:00:00,27.416836308906763,0.10205709495724757,77.05134658965599,Amazonas - North
2024-01-21 15:00:00,28.701788534970877,0.057138054280948536,75.85153279591516,Amazonas - North
2024-01-21 16:00:00,28.11168387740307,0.058301076911353666,68.77210572586606,Amazonas - North
2024-01-21 17:00:00,28.373065468836636,0.02263087178658681,77.17284567683687,Amazonas - North
2024-01-21 18:00:00,28.669601670766696,0.0,66.67982429170496,Amazonas - North
2024-01-21 19:00:00,27.55224162400176,0.0,72.46115221700309,Amazonas - North
2024-01-21 20:00:00,26.534875236291303,0.0,73.28507309757397,Amazonas - North
2024-01-21 21:00:00,26.115601353411574,0.0,78.43662379888083,Amazonas - North
2024-01-21 22:00:00,26.23844437347827,0.0,79.13855608769934,Amazonas - North
2024-01-21 23:00:00,27.273234000404106,0.0,77.7640733610974,Amazonas - North
2024-01-22 00:00:00,25.06812961326955,0.0,80.61942411212495,Amazonas - North
2024-01-22 01:00:00,26.2294978873269,0.0,81.96498245214738,Amazonas - North
2024-01-22 02:00:00,27.050937697013545,0.0,78.4688604681722,Amazonas - North
2024-01-22 03:00:00,25.19907397644541,0.0,80.67060518428926,Amazonas - North
2024-01-22 04:00:00,26.815349490334516,0.0,77.51319959582044,Amazonas - North
2024-01-22 05:00:00,28.76727963588825,0.0,69.44308516561503,Amazonas - North
2024-01-22 06:00:00,30.13472169601329,0.0,75.91739224498517,Amazonas - North
2024-01-22 07:00:00,29.16141765449513,0.0038194444444444448,60.76283436103317,Amazonas - North
2024-01-22 08:00:00,29.342688077538458,0.08620745274496588,76.94015541717273,Amazonas - North
2024-01-22 09:00:00,29.993528588104216,0.0645884541529413,62.75776200135755,Amazonas - North
2024-01-22 10:00:00,31.232018869448922,0.05324624236063882,64.87544074879577,Amazonas - North
2024-01-22 11:00:00,29.37226537018964,0.10030658258525234,75.41656290710138,Amazonas - North
2024-01-22 12:00:00,30.225617032398148,0.0266518320700895,72.84242399552134,Amazonas - North
2024-01-22 13:00:00,28.93860855894199,0.025845158113459332,75.28662439477634,Amazonas - North
2024-01-22 14:00:00,29.58869038123313,0.0748712271363509,67.5274601910612,Amazonas - North
2024-01-22 15:00:00,27.602716422857977,0.009375000000000003,69.05806259639203,Amazonas - North
2024-01-22 16:00:00,29.622379267744762,0.02034279843157997,69.42880050421603,Amazonas - North
2024-01-22 17:00:00,28.690121853995752,0.005869139202046531,77.28209544506637,Amazonas - North
2024-01-22 18:00:00,27.843176249560415,0.0,69.96813856358138,Amazonas - North
2024-01-22 19:00:00,28.120686942845698,0.0,69.06813085573604,Amazonas - North
2024-01-22 20:00:00,26.147734999392682,0.0,72.31885854988153,Amazonas - North
2024-01-22 21:00:00,25.707665714739623,0.0,74.14415570192062,Amazonas - North
2024-01-22 22:00:00,25.301379238074237,0.0,83.35592828997915,Amazonas - North
2024-01-22 23:00:00,26.96330028170477,0.0,79.43406707175232,Amazonas - North
2024-01-23 00:00:00,24.781902060238032,0.0,67.59640046294172,Amazonas - North
2024-01-23 01:00:00,27.548262082395123,0.0,83.03149689094093,Amazonas - North
2024-01-23 02:00:00,25.95668158367141,0.0,74.31071926784226,Amazonas - North
2024-01-23 03:00:00,26.016371126731194,0.0,73.53729206196635,Amazonas - North
2024-01-23 04:00:00,26.19127829199204,0.0,75.98441515438225,Amazonas - North
2024-01-23 05:00:00,25.809209554280272,0.0,87.44582134864956,Amazonas - North
2024-01-23 06:00:00,28.39470496364606,0.0,74.20599343374548,Amazonas - North
2024-01-23 07:00:00,29.093609801050388,0.04629826247169889,66.93972482055887,Amazonas - North
2024-01-23 08:00:00,29.42151257827527,0.07987365174234366,63.07991555003155,Amazonas - North
2024-01-23 09:00:00,30.100829345587726,0.11378477050220824,79.38469793983127,Amazonas - North
2024-01-23 10:00:00,30.700948626349305,0.0701216647354935,71.12954138122133,Amazonas - North
2024-01-23 11:00:00,30.637712617625187,0.03906582471806026,68.88268575910273,Amazonas - North
2024-01-23 12:00:00,29.401963058526984,0.10055154323240971,75.90579334490695,Amazonas - North
2024-01-23 13:00:00,29.792110049049086,0.1897078074315561,63.33793872663239,Amazonas - North
2024-01-23 14:00:00,30.437402468258167,0.12089229230011635,56.08501581790945,Amazonas - North
2024-01-23 15:00:00,29.246296635681517,0.04263422359798056,68.22359949182702,Amazonas - North
2024-01-23 16:00:00,28.776599115970438,0.006944444444444444,72.51422377238224,Amazonas - North
2024-01-23 17:00:00,28.902308571391604,0.030956019978330907,80.21072952284082,Amazonas - North
2024-01-23 18:00:00,26.907186405927092,0.0,74.55676005091395,Amazonas - North
2024-01-23 19:00:00,28.043368237610117,0.0,80.25775371892311,Amazonas - North
2024-01-23 20:00:00,26.64756177708474,0.0,91.15221041437897,Amazonas - North
2024-01-23 21:00:00,25.998795719515943,0.0,77.25590116455996,Amazonas - North
2024-01-23 22:00:00,25.917786113198694,0.0,69.42158539025608,Amazonas - North
2024-01-23 23:00:00,24.707735668368887,0.0,80.00103918994074,Amazonas - North
2024-01-24 00:00:00,25.279796513283298,0.0,76.99628261719613,Amazonas - North
2024-01-24 01:00:00,26.39890209349271,0.0,70.91957665542303,Amazonas - North
2024-01-24 02:00:00,26.405735922779517,0.0,62.65204382369914,Amazonas - North
2024-01-24 03:00:00,26.561962557696784,0.0,71.89062867259344,Amazonas - North
2024-01-24 04:00:00,27.612712587135505,0.0,64.53912271929252,Amazonas - North
2024-01-24 05:00:00,25.15849022456637,0.0,80.7841848434979,Amazonas - North
2024-01-24 06:00:00,27.863828135392957,0.0,73.69591622708847,Amazonas - North
2024-01-24 07:00:00,25.481634063978966,0.03989105112994102,79.29823389148119,Amazonas - North
2024-01-24 08:00:00,28.51634764877669,0.06854444857605456,76.63418208290696,Amazonas - North
2024-01-24 09:00:00,28.219423378197824,0.044858990924547586,81.02190902494556,Amazonas - North
2024-01-24 10:00:00,29.1579729841383,0.04527341183706916,77.20271617350939,Amazonas - North
2024-01-24 11:00:00,30.43295871065407,0.04551932409078636,64.08259755966726,Amazonas - North
2024-01-24 12:00:00,27.108746861293827,0.10458205165674049,72.89028500963056,Amazonas - North
2024-01-24 13:00:00,30.497217753509663,0.12183384101084488,75.4989743363313,Amazonas - North
2024-01-24 14:00:00,29.31388111791021,0.06957283020367894,64.38555427440244,Amazonas - North
2024-01-24 15:00:00,26.59868346705136,0.046280467108594375,70.51866815536025,Amazonas - North
2024-01-24 16:00:00,29.8748204186116,0.07808824276710738,74.29524780821762,Amazonas - North
2024-01-24 17:00:00,26.722940462211756,0.01693135715674452,78.8920443442886,Amazonas - North
2024-01-24 18:00:00,26.51965271651659,0.0,87.23746679425918,Amazonas - North
2024-01-24 19:00:00,26.495106180595474,0.0,81.18207110532215,Amazonas - North
2024-01-24 20:00:00,27.45401271031161,0.0,76.68159953096301,Amazonas - North
2024-01-24 21:00:00,25.843523179589052,0.0,75.09039307578543,Amazonas - North
2024-01-24 22:00:00,25.831320723444538,0.0,79.92829548937864,Amazonas - North
2024-01-24 23:00:00,25.410097639056776,0.0,69.27468230521177,Amazonas - North
2024-01-25 00:00:00,26.135703299704147,0.0,77.24143622370413,Amazonas - North
2024-01-25 01:00:00,26.135198133441673,0.0,74.3283624616347,Amazonas - North
2024-01-25 02:00:00,25.673634551744836,0.0,67.97591799238383,Amazonas - North
2024-01-25 03:00:00,25.3779524819156,0.0,78.53364272034229,Amazonas - North
2024-01-25 04:00:00,26.218075469079658,0.0,67.85520537968111,Amazonas - North
2024-01-25 05:00:00,26.622637194593356,0.0,82.97546246746977,Amazonas - North
2024-01-25 06:00:00,26.91379534315595,0.0,80.03395078933902,Amazonas - North
2024-01-25 07:00:00,25.71525667728924,0.02016752230394551,82.8387761371228,Amazonas - North
2024-01-25 08:00:00,30.729778512164465,0.044231525159241426,64.72704846962316,Amazonas - North
2024-01-25 09:00:00,29.540960770656433,0.12429000388983542,77.61939623075506,Amazonas - North
2024-01-25 10:00:00,31.592204745288534,0.016360150176327946,58.28913270323224,Amazonas - North
2024-01-25 11:00:00,30.218555225637,0.04431256775612919,68.2541155659405,Amazonas - North
2024-01-25 12:00:00,30.052279920766306,0.05587536669674137,75.92004691975501,Amazonas - North
2024-01-25 13:00:00,29.781079447449795,0.0500349647968196,70.45582332230208,Amazonas - North
2024-01-25 14:00:00,28.95094423008545,0.06946952930804075,71.26959574109344,Amazonas - North
2024-01-25 15:00:00,30.72021906167156,0.05083137536424807,75.08204564714536,Amazonas - North
2024-01-25 16:00:00,27.78066823419676,0.036678053825399105,78.34493935836709,Amazonas - North
2024-01-25 17:00:00,27.269430251819518,0.043603278969432814,67.47391781846021,Amazonas - North
2024-01-25 18:00:00,27.78838471335481,0.0,75.60271308673606,Amazonas - North
2024-01-25 19:00:00,24.610097282250692,0.0,68.00681484724464,Amazonas - North
2024-01-25 20:00:00,26.233129187671715,0.0,78.94021653395869,Amazonas - North
2024-01-25 21:00:00,26.468725255632176,0.0,72.42195075023797,Amazonas - North
2024-01-25 22:00:00,25.270858480388416,0.0,80.31023169129902,Amazonas - North
2024-01-25 23:00:00,24.415062120870896,0.0,77.95254649805945,Amazonas - North
2024-01-26 00:00:00,24.24048339398104,0.0,83.69946105022834,Amazonas - North
2024-01-26 01:00:00,26.32865388581444,0.0,73.3383642141555,Amazonas - North
2024-01-26 02:00:00,27.058288568259915,0.0,60.706535675886,Amazonas - North
2024-01-26 03:00:00,26.115696577401057,0.0,77.20862715832818,Amazonas - North
2024-01-26 04:00:00,26.2918463841677,0.0,78.82218500854667,Amazonas - North
2024-01-26 05:00:00,27.14186082962479,0.0,75.42080609025552,Amazonas - North
2024-01-26 06:00:00,26.756477041529504,0.0,75.42295098708132,Amazonas - North
2024-01-26 07:00:00,27.80416437218502,0.04105067623928568,68.94718341942162,Amazonas - North
2024-01-26 08:00:00,29.19485142462651,0.0400158167137934,74.44981257675245,Amazonas - North
2024-01-26 09:00:00,28.74358070691011,0.10094285363553823,71.78361173918682,Amazonas - North
2024-01-26 10:00:00,31.297049888186713,0.11367923284495583,72.11606854849742,Amazonas - North
2024-01-26 11:00:00,29.45000768678803,0.07984191473811707,63.44079714279734,Amazonas - North
2024-01-26 12:00:00,29.72364935684177,0.10897697533511386,74.4455520249835,Amazonas - North
2024-01-26 13:00:00,30.725427561687084,0.09436842588609827,70.22635322198333,Amazonas - North
2024-01-26 14:00:00,29.06356688559569,0.0647987049242574,67.28968505817653,Amazonas - North
2024-01-26 15:00:00,28.942155284776348,0.10781869949026933,73.17811519086894,Amazonas - North
2024-01-26 16:00:00,27.78903517080067,0.053103053499673036,79.16456612021946,Amazonas - North
2024-01-26 17:00:00,27.37491325231817,0.03414707952511168,69.35866282128208,Amazonas - North
2024-01-26 18:00:00,26.741578370864843,0.0,68.11709682567937,Amazonas - North
2024-01-26 19:00:00,24.389088702350037,0.0,78.94527800813107,Amazonas - North
2024-01-26 20:00:00,25.04131750213901,0.0,73.6622710576011,Amazonas - North
2024-01-26 21:00:00,23.92553291168168,0.0,79.59793826405138,Amazonas - North
2024-01-26 22:00:00,25.835534474062946,0.0,70.27404080299499,Amazonas - North
2024-01-26 23:00:00,26.53582698699771,0.0,77.28908851690122,Amazonas - North
2024-01-27 00:00:00,25.64075048433575,0.0,74.57312036179586,Amazonas - North
2024-01-27 01:00:00,23.703776589837297,0.0,74.99991415466351,Amazonas - North
2024-01-27 02:00:00,26.017461343918313,0.0,73.85560723814912,Amazonas - North
2024-01-27 03:00:00,26.15217350066173,0.0,68.58994405431113,Amazonas - North
2024-01-27 04:00:00,26.184311808195538,0.0,81.61942399799824,Amazonas - North
2024-01-27 05:00:00,25.61170999677,0.0,77.03332222628222,Amazonas - North
2024-01-27 06:00:00,25.076087474171885,0.0,71.30430083150198,Amazonas - North
2024-01-27 07:00:00,29.805679742414995,0.017866569145399653,69.73748118083844,Amazonas - North
2024-01-27 08:00:00,27.574477065925954,0.006944444444444447,76.99313420789122,Amazonas - North
2024-01-27 09:00:00,29.32068197786674,0.02115919108139785,63.55457635096734,Amazonas - North
2024-01-27 10:00:00,28.78253432387237,0.10060849642572854,74.2020523123101,Amazonas - North
2024-01-27 11:00:00,28.43825644532332,0.10212894826274005,65.98884809250123,Amazonas - North
2024-01-27 12:00:00,29.407717332190995,0.045714609292263154,67.675691777096,Amazonas - North
2024-01-27 13:00:00,29.00042650787958,0.053854347794031365,67.14710026146331,Amazonas - North
2024-01-27 14:00:00,29.83150951387959,0.02398225319900982,81.21246928062088,Amazonas - North
2024-01-27 15:00:00,29.974011187235856,0.03811125529570178,70.14313039295152,Amazonas - North
2024-01-27 16:00:00,29.885028690186495,0.06182109356232676,65.32033405638786,Amazonas - North
2024-01-27 17:00:00,27.476282378158142,0.04657863261371651,75.94787993361543,Amazonas - North
2024-01-27 18:00:00,28.32933826172502,0.0,62.99772030061739,Amazonas - North
2024-01-27 19:00:00,27.302253146523533,0.0,75.03562768783598,Amazonas - North
2024-01-27 20:00:00,25.542425073104386,0.0,69.01097045235313,Amazonas - North
2024-01-27 21:00:00,27.46886045665359,0.0,71.56678535827773,Amazonas - North
2024-01-27 22:00:00,24.96999680507587,0.0,85.84936267013791,Amazonas - North
2024-01-27 23:00:00,25.01230136324505,0.0,79.280103937305,Amazonas - North
2024-01-28 00:00:00,24.579378936295058,0.0,79.27831699124198,Amazonas - North
2024-01-28 01:00:00,25.58623294216632,0.0,81.04354475217792,Amazonas - North
2024-01-28 02:00:00,25.467183497479482,0.0,79.0626564407867,Amazonas - North
2024-01-28 03:00:00,24.182580551729448,0.0,78.02867988516395,Amazonas - North
2024-01-28 04:00:00,26.124354380722455,0.0,70.12975355798224,Amazonas - North
2024-01-28 05:00:00,27.880318293005715,0.0,68.73641733033327,Amazonas - North
2024-01-28 06:00:00,26.822984050712314,0.0,62.92006820065774,Amazonas - North
2024-01-28 07:00:00,29.425553497704886,0.02497388224180536,59.239201801478764,Amazonas - North
2024-01-28 08:00:00,29.4504947703522,0.06624399107953166,68.45933044361043,Amazonas - North
2024-01-28 09:00:00,29.121348393540917,0.13711669473888635,78.14380222595369,Amazonas - North
2024-01-28 10:00:00,29.128785450613915,0.02951864276624788,70.9085129782752,Amazonas - North
2024-01-28 11:00:00,30.165054492097514,0.17145267689660526,60.279077447597984,Amazonas - North
2024-01-28 12:00:00,29.969650043914516,0.08018083409369764,68.99210648404572,Amazonas - North
2024-01-28 13:00:00,29.134585639424557,0.07419981020223394,72.53215323301588,Amazonas - North
2024-01-28 14:00:00,28.146453379436103,0.09250650288054402,73.12785871698448,Amazonas - North
2024-01-28 15:00:00,29.268133669162264,0.11898483790594672,74.42745221902334,Amazonas - North
2024-01-28 16:00:00,30.87923540637835,0.06635051655575949,77.9786710457923,Amazonas - North
2024-01-28 17:00:00,27.74565354152872,0.03256410581212251,79.7420156875285,Amazonas - North
2024-01-28 18:00:00,25.42405485794603,0.0,80.5363324525348,Amazonas - North
2024-01-28 19:00:00,26.281948925452394,0.0,82.93053441134244,Amazonas - North
2024-01-28 20:00:00,28.149076749725165,0.0,70.14768358515146,Amazonas - North
2024-01-28 21:00:00,26.8957203093828,0.0,75.61532140065775,Amazonas - North
2024-01-28 22:00:00,25.734554784457274,0.0,74.04335748294113,Amazonas - North
2024-01-28 23:00:00,25.6593003906103,0.0,70.66299905861938,Amazonas - North
2024-01-29 00:00:00,25.94730058221267,0.0,69.56140530907639,Amazonas - North
2024-01-29 01:00:00,27.25490571116404,0.0,81.20904678485266,Amazonas - North
2024-01-29 02:00:00,24.185485487780046,0.0,84.52952697311639,Amazonas - North
2024-01-29 03:00:00,25.72952551871103,0.0,76.45641433505943,Amazonas - North
2024-01-29 04:00:00,26.03214668292059,0.0,74.99979008212567,Amazonas - North
2024-01-29 05:00:00,26.08654883239304,0.0,70.52610761797773,Amazonas - North
2024-01-29 06:00:00,26.98267741308634,0.0,68.86173134892769,Amazonas - North
2024-01-29 07:00:00,27.867973432542264,0.03631060475224402,81.13412000677279,Amazonas - North
2024-01-29 08:00:00,27.179018171929613,0.035250184101127915,71.1473380427918,Amazonas - North
2024-01-29 09:00:00,31.715370638866293,0.009375000000000003,68.37309542764444,Amazonas - North
2024-01-29 10:00:00,29.13010797008376,0.11698262361434035,69.78015437863274,Amazonas - North
2024-01-29 11:00:00,28.158982694218807,0.12472417423056965,66.59510565301548,Amazonas - North
2024-01-29 12:00:00,29.88067039316302,0.061630975108553705,70.41988909372124,Amazonas - North
2024-01-29 13:00:00,30.685156199427198,0.048303861446923134,65.36679406485958,Amazonas - North
2024-01-29 14:00:00,28.257141054379034,0.04418488220372894,65.9433195038341,Amazonas - North
2024-01-29 15:00:00,29.04040889879984,0.05802886632779954,68.6457082413298,Amazonas - North
2024-01-29 16:00:00,26.89864512049514,0.03930161405644676,81.15719347681605,Amazonas - North
2024-01-29 17:00:00,27.608548793617942,0.03266737037996237,64.94417782234557,Amazonas - North
2024-01-29 18:00:00,27.97991204094728,0.0,74.19037526208545,Amazonas - North
2024-01-29 19:00:00,25.979310612468616,0.0,80.40036020295295,Amazonas - North
2024-01-29 20:00:00,25.845148333764794,0.0,76.59899822674583,Amazonas - North
2024-01-29 21:00:00,26.3058328040988,0.0,74.33085300406599,Amazonas - North
2024-01-29 22:00:00,24.581387279011924,0.0,82.07055293327593,Amazonas - North
2024-01-29 23:00:00,24.508042465122823,0.0,81.69722999821587,Amazonas - North
2024-01-30 00:00:00,24.159490399215834,0.0,79.3612755969348,Amazonas - North
2024-01-30 01:00:00,25.276270830706082,0.0,64.31459355430047,Amazonas - North
2024-01-30 02:00:00,25.872289523920664,0.0,63.22774729820473,Amazonas - North
2024-01-30 03:00:00,25.963700172968363,0.0,70.47652528780525,Amazonas - North
2024-01-30 04:00:00,26.913130686497077,0.0,70.66636121637829,Amazonas - North
2024-01-30 05:00:00,27.48976568720559,0.0,76.36642641457134,Amazonas - North
2024-01-30 06:00:00,25.122327164556737,0.0,78.42751036018981,Amazonas - North
2024-01-30 07:00:00,27.14285027598161,0.036002221363676916,69.9049619526597,Amazonas - North
2024-01-30 08:00:00,27.54623543210512,0.047575457760400904,70.25542983184931,Amazonas - North
2024-01-30 09:00:00,30.860035368851445,0.029359701271268728,78.88883701828239,Amazonas - North
2024-01-30 10:00:00,30.052377760929385,0.06864551441923981,69.09113480262118,Amazonas - North
2024-01-30 11:00:00,31.011314904494387,0.03400167910900067,62.57269230894872,Amazonas - North
2024-01-30 12:00:00,28.725837669677727,0.1588423922607063,73.02582234768457,Amazonas - North
2024-01-30 13:00:00,28.89621276936164,0.0850486999429072,79.94550134387502,Amazonas - North
2024-01-30 14:00:00,29.859262873437885,0.09243806732045158,71.20006824833774,Amazonas - North
2024-01-30 15:00:00,29.722092853460808,0.014128325321608808,72.59885008609974,Amazonas - North
2024-01-30 16:00:00,29.522050000897774,0.018807852975978454,76.38935050109187,Amazonas - North
2024-01-30 17:00:00,29.58551607058018,0.02085201069298873,68.94550483866166,Amazonas - North
2024-01-30 18:00:00,24.24386921873328,0.0,80.6958313570587,Amazonas - North
2024-01-30 19:00:00,26.34349140286883,0.0,79.13512576350568,Amazonas - North
2024-01-30 20:00:00,26.226575779821577,0.0,79.2542504296584,Amazonas - North
2024-01-30 21:00:00,25.98303863121245,0.0,70.67333940115714,Amazonas - North
2024-01-30 22:00:00,24.98540127403226,0.0,80.27273146183867,Amazonas - North
2024-01-30 23:00:00,24.76500373592996,0.0,75.46511367029244,Amazonas - North
