hour,ambient_temp,battery_temp,soc,energy,efficiency
1,25.53853054152035,25.643915846935553,0.8789229389169593,189.46146945847963,0.9473073472923982
2,25.401296488059117,25.50530945293971,0.9,10.538530541520375,0.9479935175597044
3,26.88960152967242,27.008497544969142,0.9,0.0,0.9405519923516379
4,26.629192065006123,26.745483985656183,0.9,0.0,0.9418540396749694
5,26.779111260069577,26.896902372670272,0.9,0.0,0.9411044436996521
6,26.976846501316263,27.096614966329426,0.9,0.0,0.9401157674934186
7,29.52096856540185,29.66617825105587,0.9,0.0,0.9273951571729907
8,30.7617977180344,30.919415695214745,0.9,0.0,0.921191011409828
9,29.76989151982753,29.917590435025808,0.9,0.0,0.9261505424008623
10,29.543365336843312,29.688798990211744,0.9,0.0,0.9272831733157834
11,31.740333303043062,31.907736636073494,0.9,0.0,0.9162983334847846
12,32.39141921256848,32.565333404694165,0.9,0.0,0.9130429039371576
13,31.282571754459635,31.44539747200423,0.9,0.0,0.9185871412277018
14,33.76742975570547,33.955104053262524,0.9,0.0,0.9061628512214726
15,33.27257300915866,33.45529873925025,0.9,0.0,0.9086371349542066
16,31.471724540700617,31.636441786107625,0.9,0.0,0.9176413772964969
17,29.7844538874516,29.932298426326117,0.9,0.0,0.9260777305627419
18,29.651541114532225,29.79805652567755,0.9,0.0,0.9267422944273388
19,29.878771170568672,30.02755888227436,0.9,0.0,0.9256061441471566
20,28.45840065488137,28.592984661430183,0.9,0.0,0.9327079967255931
21,29.109481358058005,29.250576171638585,0.9,0.0,0.92945259320971
22,28.417815036742752,28.55199318711018,0.9,0.0,0.9329109248162862
23,26.90883923544898,27.02792762780347,0.9,0.0,0.9404558038227551
24,25.796605652058236,25.904571708578818,0.9,0.0,0.9460169717397088
25,25.24482758540159,25.347275861255607,0.9,0.0,0.948775862072992
26,26.25213285558193,26.36465418413775,0.9,0.0,0.9437393357220903
27,26.50248182956452,26.617506647860164,0.9,0.0,0.9424875908521774
28,27.6441409927578,27.77058240268538,0.9,0.0,0.9367792950362109
29,27.56370482964091,27.689341877937316,0.9,0.0,0.9371814758517955
30,29.585677620688767,29.731534396895654,0.9,0.0,0.9270716118965561
31,29.553427613127194,29.698961889258467,0.9,0.0,0.9272328619343639
32,30.42362623378545,30.577862496123302,0.9,0.0,0.9228818688310727
33,31.06309929570501,31.223730288662058,0.9,0.0,0.9196845035214749
34,31.68034414590489,31.84714758736394,0.9,0.0,0.9165982792704755
35,33.59811311605568,33.78409424721624,0.9,0.0,0.9070094344197216
36,31.91038748645982,32.079491361324415,0.9,0.0,0.9154480625677008
37,33.20201584549515,33.3840360039501,0.9,0.0,0.9089899207725243
38,32.80179684619425,32.979814814656194,0.9,0.0,0.9109910157690287
39,31.319731297244687,31.482928610217133,0.9,0.0,0.9184013435137766
40,30.835644686736718,30.994001133604083,0.9,0.0,0.9208217765663164
41,31.125038833301726,31.286289221634743,0.9,0.0,0.9193748058334913
42,31.38193605064228,31.545755411148704,0.9,0.0,0.9180903197467886
43,30.68742743121128,30.844301705523392,0.9,0.0,0.9215628628439435
44,26.159034982021343,26.270625331841558,0.9,0.0,0.9442048250898932
45,26.588954586138723,26.70484413200011,0.9,0.0,0.9420552270693063
46,27.21207343557082,27.334194169926526,0.9,0.0,0.9389396328221459
47,27.13436954946645,27.255713244961115,0.9,0.0,0.9393281522526677
48,25.056000151454256,25.156560152968797,0.9,0.0,0.9497199992427287
49,26.69343203617518,26.81036635653693,0.9,0.0,0.9415328398191241
50,27.905700963338884,28.034757972972272,0.9,0.0,0.9354714951833055
51,27.165470653014555,27.2871253595447,0.9,0.0,0.9391726467349272
52,27.05310258847692,27.17363361436169,0.9,0.0,0.9397344870576153
53,27.801222053641588,27.929234274178004,0.9,0.0,0.935993889731792
54,27.43346227941876,27.557796902212946,0.9,0.0,0.9378326886029061
55,29.78634628863664,29.934209751523007,0.9,0.0,0.9260682685568168
56,29.57740166129468,29.723175677907626,0.9,0.0,0.9271129916935266
57,29.250660002621988,29.393166602648208,0.9,0.0,0.92874669998689
58,31.57710702711528,31.74287809738643,0.9,0.0,0.9171144648644236
59,31.90336978594587,32.07240348380533,0.9,0.0,0.9154831510702706
60,33.192142274469376,33.37406369721407,0.9,0.0,0.909039288627653
61,33.74572331193799,33.93318054505737,0.9,0.0,0.90627138344031
62,33.00917446782403,33.189266212502275,0.9,0.0,0.9099541276608798
63,32.79761045862393,32.97558656321017,0.9,0.0,0.9110119477068803
64,32.38132181157986,32.555135029695656,0.9,0.0,0.9130933909421006
65,30.921442861192546,31.08065728980447,0.9,0.0,0.9203927856940373
66,31.124996121397565,31.28624608261154,0.9,0.0,0.9193750193930121
67,29.99829449010093,30.148277435001937,0.9,0.0,0.9250085275494954
68,29.18883398206092,29.33072232188153,0.9,0.0,0.9290558300896954
69,29.60591597898169,29.75197513877151,0.9,0.0,0.9269704201050915
70,27.593281579653503,27.719214395450038,0.9,0.0,0.9370335921017324
71,26.481897045671303,26.596716016128017,0.9,0.0,0.9425905147716435
72,27.857609712483725,27.986185809608564,0.9,0.0,0.9357119514375813
73,25.27097213106976,25.37368185238046,0.9,0.0,0.9486451393446511
74,25.47793686889641,25.582716237585373,0.9,0.0,0.9476103156555179
75,26.815448236969008,26.933602719338698,0.9,0.0,0.940922758815155
76,27.76591446552601,27.89357361018127,0.9,0.0,0.9361704276723699
77,27.59905274420395,27.725043271645987,0.9,0.0,0.9370047362789802
78,29.2220758003295,29.364296558332793,0.9,0.0,0.9288896209983525
79,30.82585082306551,30.984109331296168,0.9,0.0,0.9208707458846724
80,31.85492051150584,32.023469716620895,0.9,0.0,0.9157253974424707
81,29.861673072885694,30.01028980361455,0.9,0.0,0.9256916346355715
82,32.50615809828759,32.68121967927047,0.9,0.0,0.912469209508562
83,32.541401755443,32.71681577299743,0.9,0.0,0.912292991222785
84,32.0001797574858,32.17018155506066,0.9,0.0,0.9149991012125709
85,34.2092103143914,34.40130241753531,0.9,0.0,0.903953948428043
86,31.45432360226991,31.618866838292607,0.9,0.0,0.9177283819886504
87,31.87833561255309,32.047118968678625,0.9,0.0,0.9156083219372345
88,31.70839605846904,31.875480019053732,0.9,0.0,0.9164580197076547
89,31.20324883171101,31.36528132002812,0.9,0.0,0.9189837558414449
90,31.901999961354047,32.07101996096759,0.9,0.0,0.9154900001932297
91,29.236449728832675,29.378814226121,0.9,0.0,0.9288177513558366
92,29.432468898280124,29.576793587262927,0.9,0.0,0.9278376555085993
93,27.54628725438147,27.671750126925282,0.9,0.0,0.9372685637280926
94,26.738894098627043,26.856283039613313,0.9,0.0,0.9413055295068647
95,27.54938588153737,27.674879740352743,0.9,0.0,0.9372530705923131
96,26.443705793177735,26.558142851109512,0.9,0.0,0.9427814710341113
97,26.392478621435504,26.50640340764986,0.9,0.0,0.9430376068928225
98,25.292255772633524,25.395178330359858,0.9,0.0,0.9485387211368324
99,25.093020297979283,25.193950500959076,0.9,0.0,0.9495348985101035
100,26.511773978580568,26.626891718366373,0.9,0.0,0.9424411301070971
101,28.778279731305688,28.916062528618745,0.9,0.0,0.9311086013434715
102,28.05264880194836,28.183175289967846,0.9,0.0,0.9347367559902582
103,29.924040206192775,30.073280608254702,0.9,0.0,0.9253797989690361
104,32.00919681282094,32.17928878094915,0.9,0.0,0.9149540159358953
105,31.25984346276443,31.422441897392073,0.9,0.0,0.9187007826861778
106,33.40589362579779,33.589952562055764,0.9,0.0,0.9079705318710111
107,33.59108395973552,33.776994799332876,0.9,0.0,0.9070445802013224
108,32.06961787328558,32.240314052018434,0.9,0.0,0.9146519106335721
109,32.746166910074024,32.92362857917476,0.9,0.0,0.9112691654496299
110,34.03618449573573,34.22654634069309,0.9,0.0,0.9048190775213213
111,30.89491444222009,31.053863586642294,0.9,0.0,0.9205254277888995
112,32.27589675061789,32.448655718124066,0.9,0.0,0.9136205162469105
113,30.73643846545793,30.893802850112507,0.9,0.0,0.9213178076727103
114,29.92953017821993,30.07882548000213,0.9,0.0,0.9253523491089003
115,27.69103749028861,27.8179478651915,0.9,0.0,0.9365448125485569
116,27.71833701943463,27.845520389628977,0.9,0.0,0.9364083149028268
117,28.019972604836305,28.15017233088467,0.9,0.0,0.9349001369758184
118,28.286777023953714,28.419644794193253,0.9,0.0,0.9335661148802313
119,25.92131365675825,26.030526793325834,0.9,0.0,0.9453934317162087
120,27.46100065786272,27.585610664441347,0.9,0.0,0.9376949967106863
121,25.396045098010205,25.50000554899031,0.9,0.0,0.9480197745099489
122,25.49363111868897,25.59856742987586,0.9,0.0,0.9475318444065551
123,26.12469450334057,26.23594144837398,0.9,0.0,0.9443765274832971
124,26.107297671314303,26.218370648027445,0.9,0.0,0.9444635116434285
125,29.05286511612125,29.193393767282462,0.9,0.0,0.9297356744193938
126,28.240741681682422,28.373149098499248,0.9,0.0,0.9337962915915878
127,30.00257988682187,30.152605685690087,0.9,0.0,0.9249871005658906
128,31.367249734740103,31.530922232087505,0.9,0.0,0.9181637513262995
129,30.474283401353865,30.629026235367405,0.9,0.0,0.9226285829932306
130,32.69960770322641,32.87660378025868,0.9,0.0,0.9115019614838679
131,30.745215970457856,30.902668130162436,0.9,0.0,0.9212739201477107
132,31.231854529288118,31.394173074580998,0.9,0.0,0.9188407273535594
133,32.39422910186582,32.56817139288448,0.9,0.0,0.9130288544906708
134,32.81296229781853,32.99109192079671,0.9,0.0,0.9109351885109073
135,32.481503562201524,32.65631859782354,0.9,0.0,0.9125924821889924
136,32.54345661126913,32.71889117738182,0.9,0.0,0.9122827169436543
137,30.93013231498416,31.089433638134,0.9,0.0,0.9203493384250792
138,28.471406460241653,28.60612052484407,0.9,0.0,0.9326429676987917
139,30.127073634554677,30.278344370900225,0.9,0.0,0.9243646318272266
140,28.46627475700157,28.600937504571586,0.9,0.0,0.9326686262149921
141,26.18361374473371,26.295449882181046,0.9,0.0,0.9440819312763314
142,28.35188094170508,28.48539975112213,0.9,0.0,0.9332405952914745
143,26.07168615115385,26.182403012665386,0.9,0.0,0.9446415692442307
144,25.240190330167028,25.3425922334687,0.9,0.0,0.9487990483491648
145,24.637677680228293,24.737677680228295,0.9,0.0,0.95
146,24.57509702821098,24.67509702821098,0.9,0.0,0.95
147,28.2451630534381,28.37761468397248,0.9,0.0,0.9337741847328095
148,26.97821084496601,27.09799295341567,0.9,0.0,0.9401089457751699
149,28.613990033707765,28.750129934044843,0.9,0.0,0.9319300498314611
150,29.0533828104824,29.193916638587226,0.9,0.0,0.929733085947588
151,30.638615146809,30.79500129827709,0.9,0.0,0.921806924265955
152,30.93786440670377,31.097243050770807,0.9,0.0,0.9203106779664811
153,30.674340817207167,30.83108422537924,0.9,0.0,0.9216282959139641
154,32.191810950222454,32.363729059724676,0.9,0.0,0.9140409452488877
155,32.95599205623257,33.13555197679489,0.9,0.0,0.9102200397188371
156,32.98799298119707,33.167872911009034,0.9,0.0,0.9100600350940147
157,32.55269474466811,32.72822169211479,0.9,0.0,0.9122365262766594
158,32.4839978394461,32.658837817840556,0.9,0.0,0.9125800108027695
159,31.924551450856672,32.093796965365236,0.9,0.0,0.9153772427457166
160,32.10447593005796,32.27552068935854,0.9,0.0,0.9144776203497101
161,31.476693246538108,31.641460179003488,0.9,0.0,0.9176165337673095
162,29.683972806513506,29.83081253457864,0.9,0.0,0.9265801359674324
163,30.03989144588296,30.19029036034179,0.9,0.0,0.9248005427705851
164,28.34051998611933,28.473925185980523,0.9,0.0,0.9332974000694033
165,27.51896752436461,27.644157199608255,0.9,0.0,0.937405162378177
166,26.253492793771013,26.366027721708722,0.9,0.0,0.9437325360311449
167,27.26881443227183,27.39150257659455,0.9,0.0,0.9386559278386408
168,27.43139584638887,27.55570980485276,0.9,0.0,0.9378430207680556
169,25.668497212120133,25.775182184241334,0.9,0.0,0.9466575139393993
170,26.90333508888437,27.022368439773214,0.9,0.0,0.9404833245555781
171,26.75950519412911,26.877100246070402,0.9,0.0,0.9412024740293544
172,27.081414635563547,27.20222878191918,0.9,0.0,0.9395929268221822
173,28.96697467893744,29.106644425726813,0.9,0.0,0.9301651266053128
174,29.678544517849986,29.825329963028487,0.9,0.0,0.92660727741075
175,29.09768335722929,29.238660190801582,0.9,0.0,0.9295115832138535
176,30.0289051407376,30.179194192144976,0.9,0.0,0.924855474296312
177,31.679604253320008,31.846400295853208,0.9,0.0,0.9166019787333999
178,30.19882418768701,30.35081242956388,0.9,0.0,0.924005879061565
179,31.85687355224916,32.025442287771654,0.9,0.0,0.9157156322387542
180,31.180532861066467,31.342338189677132,0.9,0.0,0.9190973356946677
181,32.302944081959865,32.47597352277946,0.9,0.0,0.9134852795902006
182,33.471718328534514,33.65643551181986,0.9,0.0,0.9076414083573274
183,34.3451449301321,34.53859637943342,0.9,0.0,0.9032742753493395
184,30.87364062652612,31.032377032791384,0.9,0.0,0.9206317968673694
185,31.442338509565342,31.606761894660995,0.9,0.0,0.9177883074521732
186,28.73352162732199,28.870856843595213,0.9,0.0,0.93133239186339
187,30.330697193731535,30.48400416566885,0.9,0.0,0.9233465140313423
188,28.16313313098009,28.29476446228989,0.9,0.0,0.9341843343450995
189,27.09047220951369,27.211376931608825,0.9,0.0,0.9395476389524315
190,27.355458787116696,27.47901337498786,0.9,0.0,0.9382227060644165
191,26.06050348543829,26.171108520292673,0.9,0.0,0.9446974825728085
192,26.055880638414525,26.16643944479867,0.9,0.0,0.9447205968079273
193,26.38451642813756,26.498361592418934,0.9,0.0,0.9430774178593122
194,25.484056378933385,25.58889694272272,0.9,0.0,0.947579718105333
195,25.296461754554176,25.399426372099718,0.9,0.0,0.9485176912272291
196,27.50433449568725,27.62937784064412,0.9,0.0,0.9374783275215637
197,26.42466098711245,26.538907596983574,0.9,0.0,0.9428766950644377
198,28.27039941260876,28.40310340673485,0.9,0.0,0.9336480029369562
199,30.053853593994116,30.204392129934057,0.9,0.0,0.9247307320300294
200,30.404754331225355,30.558801874537608,0.9,0.0,0.9229762283438732
201,32.06424616342567,32.23488862505993,0.9,0.0,0.9146787691828716
202,30.922327870809685,31.081551149517782,0.9,0.0,0.9203883606459515
203,32.358398756587526,32.5319827441534,0.9,0.0,0.9132080062170623
204,31.417466828584978,31.581641496870827,0.9,0.0,0.9179126658570751
205,32.71295652613828,32.89008609139966,0.9,0.0,0.9114352173693085
206,33.406811479569505,33.5908795943652,0.9,0.0,0.9079659426021525
207,32.24254353800172,32.41496897338174,0.9,0.0,0.9137872823099914
208,34.190354741088946,34.382258288499834,0.9,0.0,0.9040482262945553
209,31.758228987110822,31.925811276981932,0.9,0.0,0.9162088550644458
210,29.90675778649066,30.05582536435557,0.9,0.0,0.9254662110675467
211,29.72074067490412,29.86794808165316,0.9,0.0,0.9263962966254794
212,27.52873338843789,27.65402072232227,0.9,0.0,0.9373563330578105
213,26.66757147312168,26.784247187852895,0.9,0.0,0.9416621426343915
214,26.92875783097164,27.048045409281357,0.9,0.0,0.9403562108451418
215,25.81870993406896,25.92689703340965,0.9,0.0,0.9459064503296551
216,25.29681848889661,25.399786673785574,0.9,0.0,0.948515907555517
217,24.933864410649303,25.033864410649304,0.9,0.0,0.95
218,24.824384682358573,24.924384682358575,0.9,0.0,0.95
219,25.594107475265243,25.700048550017897,0.9,0.0,0.9470294626236737
220,29.108512279188925,29.249597401980814,0.9,0.0,0.9294574386040553
221,28.075468834863344,28.20622352321198,0.9,0.0,0.9346226558256833
222,28.141699225127496,28.27311621737877,0.9,0.0,0.9342915038743624
223,28.948978996008645,29.088468785968733,0.9,0.0,0.9302551050199568
224,29.961370397527183,30.110984101502456,0.9,0.0,0.9251931480123641
225,30.97619337507541,31.135955308826166,0.9,0.0,0.920119033124623
226,33.61117060570923,33.797282311766324,0.9,0.0,0.9069441469714538
227,34.09243990911944,34.283364308210636,0.9,0.0,0.9045378004544028
228,32.45647188856891,32.631036607454604,0.9,0.0,0.9127176405571554
229,31.85234208459437,32.02086550544031,0.9,0.0,0.9157382895770281
230,33.39411893286763,33.578060122196305,0.9,0.0,0.9080294053356618
231,31.684716530465103,31.851563695769755,0.9,0.0,0.9165764173476745
232,33.50741295441273,33.692487083956856,0.9,0.0,0.9074629352279363
233,32.00583712212827,32.17589549334955,0.9,0.0,0.9149708143893586
234,29.05201742508805,29.19253759933893,0.9,0.0,0.9297399128745597
235,29.209369078934177,29.35146276972352,0.9,0.0,0.9289531546053291
236,28.09730009136793,28.22827309228161,0.9,0.0,0.9345134995431603
237,28.76990740565229,28.907606479708814,0.9,0.0,0.9311504629717385
238,25.74360658514964,25.851042651001137,0.9,0.0,0.9462819670742517
239,25.645985093635737,25.752444944572094,0.9,0.0,0.9467700745318213
240,24.709762047653147,24.809762047653148,0.9,0.0,0.95
241,25.861725594286835,25.970342850229702,0.9,0.0,0.9456913720285658
242,26.26672642227871,26.379393686501494,0.9,0.0,0.9436663678886064
243,26.40104861027261,26.515059096375335,0.9,0.0,0.9429947569486369
244,25.865970507501228,25.97463021257624,0.9,0.0,0.9456701474624938
245,28.151640767386336,28.2831571750602,0.9,0.0,0.9342417961630682
246,28.491690369868092,28.626607273566773,0.9,0.0,0.9325415481506595
247,29.326461315537124,29.469725928692494,0.9,0.0,0.9283676934223143
248,29.888887427952607,30.037776302232132,0.9,0.0,0.9255555628602369
249,30.950054052691893,31.109554593218814,0.9,0.0,0.9202497297365405
250,33.10013409024038,33.281135431142786,0.9,0.0,0.9094993295487981
251,32.3807939150678,32.554601854218475,0.9,0.0,0.9130960304246609
252,33.73409700011525,33.9214379701164,0.9,0.0,0.9063295149994237
253,32.82978523051654,33.008083082821706,0.9,0.0,0.9108510738474173
254,32.48198914375193,32.656809035189454,0.9,0.0,0.9125900542812403
255,32.51632153194995,32.69148474726945,0.9,0.0,0.9124183923402502
256,31.20403218090036,31.366072502709365,0.9,0.0,0.9189798390954982
257,30.003727968235584,30.15376524791794,0.9,0.0,0.924981360158822
258,27.775912181228996,27.903671303041286,0.9,0.0,0.936120439093855
259,30.380238382602307,30.53404076642833,0.9,0.0,0.9230988080869884
260,30.529975356855825,30.685275110424385,0.9,0.0,0.9223501232157209
261,29.04963607756867,29.190132438344357,0.9,0.0,0.9297518196121566
262,25.488221485433023,25.593103700287354,0.9,0.0,0.9475588925728349
263,24.846645223481207,24.94664522348121,0.9,0.0,0.95
264,27.301623386926455,27.42463962079572,0.9,0.0,0.9384918830653677
265,27.69234344021485,27.819266874616996,0.9,0.0,0.9365382827989257
266,26.349236242315516,26.462728604738672,0.9,0.0,0.9432538187884224
267,25.58061479457506,25.686420942520808,0.9,0.0,0.9470969260271247
268,27.331794010761698,27.455111950869316,0.9,0.0,0.9383410299461915
269,27.613506215923923,27.739641278083162,0.9,0.0,0.9369324689203803
270,28.98795361758853,29.127833153764417,0.9,0.0,0.9300602319120573
271,29.480087753027096,29.62488863055737,0.9,0.0,0.9275995612348644
272,31.6108300773578,31.77693837813138,0.9,0.0,0.9169458496132109
273,30.38384421053379,30.53768265263913,0.9,0.0,0.923080778947331
274,32.32793316242512,32.50121249404937,0.9,0.0,0.9133603341878743
275,33.72613812537479,33.91339950662854,0.9,0.0,0.906369309373126
276,32.445437862015034,32.61989224063518,0.9,0.0,0.9127728106899248
277,32.33684918278246,32.51021767461028,0.9,0.0,0.9133157540860877
278,33.20218881074592,33.38421069885338,0.9,0.0,0.9089890559462703
279,32.86026415104157,33.038866792551985,0.9,0.0,0.9106986792447921
280,30.263971834544503,30.416611552889947,0.9,0.0,0.9236801408272775
281,32.873852792672736,33.05259132059946,0.9,0.0,0.9106307360366362
282,30.840917693883554,30.99932687082239,0.9,0.0,0.9207954115305822
283,29.10684612427934,29.247914585522132,0.9,0.0,0.9294657693786033
284,29.368853085878296,29.512541616737078,0.9,0.0,0.9281557345706085
285,28.32415633667795,28.457397900044732,0.9,0.0,0.9333792183166102
286,25.56918692002957,25.674878789229865,0.9,0.0,0.9471540653998521
287,26.054860399963324,26.165409003962957,0.9,0.0,0.9447256980001834
288,26.239004438114662,26.35139448249581,0.9,0.0,0.9438049778094266
289,25.719861200406605,25.82705981241067,0.9,0.0,0.9464006939979669
290,26.44873367903142,26.563221015821735,0.9,0.0,0.9427563316048428
291,28.079028676425512,28.20981896318977,0.9,0.0,0.9346048566178724
292,27.1307799460976,27.252087745558576,0.9,0.0,0.9393461002695119
293,26.230518032752776,26.342823213080305,0.9,0.0,0.943847409836236
294,27.494923904066788,27.619873143107455,0.9,0.0,0.937525380479666
295,30.1059768010838,30.257036569094637,0.9,0.0,0.924470115994581
296,31.024239678582298,31.18448207536812,0.9,0.0,0.9198788016070885
297,30.526543536949625,30.68180897231912,0.9,0.0,0.9223672823152518
298,30.240134764233908,30.392536111876247,0.9,0.0,0.9237993261788304
299,32.249943966458794,32.422443406123385,0.9,0.0,0.913750280167706
300,32.49014867981611,32.66505016661427,0.9,0.0,0.9125492566009195
301,32.68369291131442,32.86052984042756,0.9,0.0,0.9115815354434279
302,32.29125102859962,32.464163538885614,0.9,0.0,0.9135437448570018
303,32.670657138966654,32.84736371035632,0.9,0.0,0.9116467143051666
304,31.777061892925325,31.944832511854578,0.9,0.0,0.9161146905353733
305,30.86799095933424,31.02667086892758,0.9,0.0,0.9206600452033288
306,30.47422372983844,30.628965967136825,0.9,0.0,0.9226288813508078
307,28.928182375461063,29.067464199215674,0.9,0.0,0.9303590881226946
308,27.81118443722859,27.939296281600875,0.9,0.0,0.935944077813857
309,28.880007904219323,29.018807983261517,0.9,0.0,0.9305999604789034
310,24.81666689231466,24.916666892314662,0.9,0.0,0.95
311,27.12672415286938,27.247991394398074,0.9,0.0,0.939366379235653
312,27.326017481120804,27.44927765593201,0.9,0.0,0.938369912594396
313,26.72797003795848,26.845249738338065,0.9,0.0,0.9413601498102075
314,26.347346173673017,26.46081963540975,0.9,0.0,0.9432632691316348
315,26.0781745948079,26.18895634075598,0.9,0.0,0.9446091270259604
316,26.631911341906964,26.748230455326034,0.9,0.0,0.9418404432904651
317,27.437625838863976,27.562002097252616,0.9,0.0,0.9378118708056801
318,28.0362430423947,28.16660547281865,0.9,0.0,0.9348187847880265
319,30.534840895487385,30.69018930444226,0.9,0.0,0.922325795522563
320,29.63732622116758,29.783699483379255,0.9,0.0,0.9268133688941621
321,30.661240283064867,30.817852685895517,0.9,0.0,0.9216937985846756
322,32.213822693059136,32.38596091998973,0.9,0.0,0.9139308865347042
323,31.695021723230724,31.861971940463032,0.9,0.0,0.9165248913838463
324,31.12895449157017,31.29024403648587,0.9,0.0,0.9193552275421492
325,34.242015658870145,34.43443581545885,0.9,0.0,0.9037899217056492
326,33.470052822284565,33.65475335050741,0.9,0.0,0.9076497358885771
327,31.12834554931983,31.28962900481303,0.9,0.0,0.9193582722534008
328,32.53686645397089,32.7122351185106,0.9,0.0,0.9123156677301455
329,31.07308581776158,31.233816675939195,0.9,0.0,0.919634570911192
330,29.609934676731797,29.756034023499115,0.9,0.0,0.926950326616341
331,30.507857224437146,30.662935796681516,0.9,0.0,0.9224607138778143
332,27.826082046683805,27.954342867150643,0.9,0.0,0.935869589766581
333,30.790922426648567,30.948831650915054,0.9,0.0,0.9210453878667572
334,27.21517074244582,27.33732244987028,0.9,0.0,0.9389241462877709
335,26.451483930356403,26.565998769659966,0.9,0.0,0.9427425803482179
336,25.54336941245653,25.6488031065811,0.9,0.0,0.9472831529377173
337,27.523897107693475,27.64913607877041,0.9,0.0,0.9373805144615326
338,25.977312385793343,26.087085509651278,0.9,0.0,0.9451134380710332
339,26.97680518142114,27.09657323323535,0.9,0.0,0.9401159740928943
340,27.09970599936484,27.220703059358488,0.9,0.0,0.9395014700031757
341,26.87349900666328,26.99223399672991,0.9,0.0,0.9406325049666836
342,28.59285322058236,28.728781752788183,0.9,0.0,0.9320357338970882
343,28.538898367704856,28.674287351381906,0.9,0.0,0.9323055081614757
344,29.77159337896732,29.919309312756994,0.9,0.0,0.9261420331051633
345,28.975242011242795,29.11499443135522,0.9,0.0,0.930123789943786
346,32.24463561568535,32.4170819718422,0.9,0.0,0.9137768219215732
347,33.32473105132532,33.507978361838575,0.9,0.0,0.9083763447433734
348,32.27815549037794,32.45093704528172,0.9,0.0,0.9136092225481103
349,33.45215257439133,33.63667410013524,0.9,0.0,0.9077392371280433
350,33.597879197553674,33.78385798952921,0.9,0.0,0.9070106040122315
351,32.13394863252424,32.30528811884948,0.9,0.0,0.9143302568373788
352,32.083469481712385,32.25430417652951,0.9,0.0,0.914582652591438
353,31.093229473061225,31.25416176779184,0.9,0.0,0.9195338526346938
354,28.541039097455474,28.67644948843003,0.9,0.0,0.9322948045127226
355,29.462077121102016,29.606697892313036,0.9,0.0,0.9276896143944898
356,29.12456605296948,29.265811713499176,0.9,0.0,0.9293771697351525
357,27.3752956310095,27.499048587319596,0.9,0.0,0.9381235218449524
358,26.379305342700807,26.493098396127817,0.9,0.0,0.9431034732864959
359,26.47247209274019,26.587196813667592,0.9,0.0,0.942637639536299
360,26.58096637008125,26.69677603378206,0.9,0.0,0.9420951681495937
361,24.87636572135347,24.97636572135347,0.9,0.0,0.95
362,26.808282937248624,26.92636576662111,0.9,0.0,0.9409585853137569
363,24.806777807127013,24.906777807127014,0.9,0.0,0.95
364,26.38067278344745,26.494479511281927,0.9,0.0,0.9430966360827627
365,28.432551243383376,28.56687675581721,0.9,0.0,0.9328372437830831
366,29.251860319177016,29.394378922368787,0.9,0.0,0.9287406984041149
367,30.64884217101492,30.80533059272507,0.9,0.0,0.9217557891449254
368,30.42409175671917,30.578332674286365,0.9,0.0,0.9228795412164041
369,31.811790928089184,31.979908837370076,0.9,0.0,0.915941045359554
370,30.7589878992996,30.9165777782926,0.9,0.0,0.9212050605035019
371,31.765089075666545,31.93273996642321,0.9,0.0,0.9161745546216672
372,34.57409060227288,34.76983150829561,0.9,0.0,0.9021295469886356
373,32.39819559260289,32.57217754852892,0.9,0.0,0.9130090220369855
374,32.90964181120499,33.088738229317045,0.9,0.0,0.910451790943975
375,29.97463138674051,30.124377700607912,0.9,0.0,0.9251268430662974
376,31.922299774528856,32.091522772274146,0.9,0.0,0.9153885011273557
377,32.823816989977686,33.002055159877465,0.9,0.0,0.9108809150501115
378,29.912170526289017,30.061292231551906,0.9,0.0,0.9254391473685548
379,28.0757458038529,28.20650326189143,0.9,0.0,0.9346212709807354
380,27.846384651776827,27.974848498294595,0.9,0.0,0.9357680767411158
381,27.46592288008837,27.590582108889254,0.9,0.0,0.9376703855995581
382,25.83567112220056,25.944027833422563,0.9,0.0,0.9458216443889972
383,25.344130096821445,25.44757139778966,0.9,0.0,0.9482793495158928
384,27.726422120314115,27.853686341517257,0.9,0.0,0.9363678893984294
385,25.88479644388788,25.99364440832676,0.9,0.0,0.9455760177805606
386,26.695580494293147,26.81253629923608,0.9,0.0,0.9415220975285342
387,25.27873205545527,25.38151937600982,0.9,0.0,0.9486063397227236
388,27.4850804837033,27.609931288540334,0.9,0.0,0.9375745975814834
389,27.613650076817528,27.739786577585704,0.9,0.0,0.9369317496159123
390,28.593256056798104,28.729188617366084,0.9,0.0,0.9320337197160095
391,28.14588775009319,28.277346627594124,0.9,0.0,0.934270561249534
392,32.625262832472416,32.80151546079714,0.9,0.0,0.9118736858376378
393,33.04945424357709,33.22994878601286,0.9,0.0,0.9097527287821146
394,29.48295325240008,29.62778278492408,0.9,0.0,0.9275852337379995
395,32.03193694742519,32.20225631689944,0.9,0.0,0.914840315262874
396,32.60069371142435,32.77670064853859,0.9,0.0,0.9119965314428782
397,33.51064792310854,33.69575440233963,0.9,0.0,0.9074467603844573
398,31.196542662352748,31.358508088976276,0.9,0.0,0.9190172866882362
399,33.62031941905994,33.806522613250536,0.9,0.0,0.9068984029047003
400,33.52660886830152,33.71187495698454,0.9,0.0,0.9073669556584923
401,30.929968461670388,31.089268146287093,0.9,0.0,0.920350157691648
402,30.83240829435533,30.990732377298883,0.9,0.0,0.9208379585282234
403,28.913377564025303,29.052511339665557,0.9,0.0,0.9304331121798735
404,27.88249376612105,28.011318703782262,0.9,0.0,0.9355875311693947
405,28.244050706158745,28.376491213220334,0.9,0.0,0.9337797464692063
406,25.91471966246391,26.02386685908855,0.9,0.0,0.9454264016876804
407,28.758991691155074,28.896581608066626,0.9,0.0,0.9312050415442246
408,26.641980282047268,26.75840008486774,0.9,0.0,0.9417900985897636
409,24.3566507582089,24.4566507582089,0.9,0.0,0.95
410,26.96773530779744,27.087412660875415,0.9,0.0,0.9401613234610128
411,26.437128615171677,26.551499901323393,0.9,0.0,0.9428143569241416
412,26.644322603642088,26.76076582967851,0.9,0.0,0.9417783869817895
413,27.894908900133068,28.0238579891344,0.9,0.0,0.9355254554993346
414,27.709028912301967,27.836119201424985,0.9,0.0,0.9364548554384902
415,29.65842917280873,29.805013464536817,0.9,0.0,0.9267078541359564
416,31.18263267345409,31.344459000188632,0.9,0.0,0.9190868366327295
417,30.00487253549057,30.154921260845477,0.9,0.0,0.9249756373225471
418,33.08327502349941,33.2641077737344,0.9,0.0,0.9095836248825029
419,32.86949720279227,33.04819217482019,0.9,0.0,0.9106525139860386
420,33.34410242842114,33.52754345270535,0.9,0.0,0.9082794878578943
421,32.27491302491747,32.44766215516664,0.9,0.0,0.9136254348754126
422,32.88868113686393,33.06756794823257,0.9,0.0,0.9105565943156803
423,32.31274405025221,32.48587149075473,0.9,0.0,0.9134362797487389
424,31.742698496448323,31.910125481412805,0.9,0.0,0.9162865075177583
425,32.02516793578019,32.19541961513799,0.9,0.0,0.914874160321099
426,30.04061194068853,30.191018060095416,0.9,0.0,0.9247969402965573
427,28.06484142665562,28.195489840922175,0.9,0.0,0.9346757928667219
428,29.31145628891422,29.45457085180336,0.9,0.0,0.9284427185554288
429,26.691148361011813,26.80805984462193,0.9,0.0,0.9415442581949409
430,27.53903011440708,27.66442041555115,0.9,0.0,0.9373048494279645
431,25.521416294324005,25.626630457267247,0.9,0.0,0.9473929185283799
432,27.403500503933827,27.527535508973166,0.9,0.0,0.9379824974803308
433,27.126494703117658,27.247759650148833,0.9,0.0,0.9393675264844117
434,25.551439571692438,25.65695396740936,0.9,0.0,0.9472428021415378
435,26.77699741054673,26.894767384652198,0.9,0.0,0.9411150129472663
436,28.36116241296992,28.49477403709962,0.9,0.0,0.9331941879351503
437,29.0728734753818,29.21360221013562,0.9,0.0,0.9296356326230909
438,27.64541587893395,27.77187003772329,0.9,0.0,0.9367729206053302
439,29.9975805965472,30.14755640251267,0.9,0.0,0.925012097017264
440,30.285575538663096,30.438431294049728,0.9,0.0,0.9235721223066845
441,29.672879998578377,29.81960879856416,0.9,0.0,0.9266356000071081
442,32.59100562688393,32.76691568315277,0.9,0.0,0.9120449718655803
443,32.87202028005091,33.050740482851424,0.9,0.0,0.9106398985997454
444,33.42960005026672,33.61389605076939,0.9,0.0,0.9078519997486664
445,33.39546277187393,33.57941739959267,0.9,0.0,0.9080226861406303
446,31.60447778480296,31.77052256265099,0.9,0.0,0.9169776110759852
447,32.66948664914714,32.84618151563861,0.9,0.0,0.9116525667542643
448,31.857932801756355,32.02651212977392,0.9,0.0,0.9157103359912182
449,30.373618399497257,30.52735458349223,0.9,0.0,0.9231319080025137
450,31.65669202784015,31.823258948118553,0.9,0.0,0.9167165398607992
451,29.01375857707103,29.15389616284174,0.9,0.0,0.9299312071146448
452,27.244244418627623,27.3666868628139,0.9,0.0,0.9387787779068618
453,28.315972096925783,28.44913181789504,0.9,0.0,0.9334201395153711
454,25.99456509998072,26.104510750980527,0.9,0.0,0.9450271745000963
455,25.384285331915464,25.48812818523462,0.9,0.0,0.9480785733404227
456,24.120631698509914,24.220631698509916,0.9,0.0,0.95
457,27.11368471101843,27.234821558128612,0.9,0.0,0.9394315764449078
458,26.02561252254709,26.13586864777256,0.9,0.0,0.9448719373872645
459,26.412329900804625,26.52645319981267,0.9,0.0,0.9429383504959769
460,26.912239488659647,27.031361883546243,0.9,0.0,0.9404388025567018
461,28.65991425927732,28.79651340187009,0.9,0.0,0.9317004287036134
462,26.88372822792172,27.002565510200935,0.9,0.0,0.9405813588603914
463,28.918088083884943,29.057268964723793,0.9,0.0,0.9304095595805753
464,30.47194790664512,30.62666738571157,0.9,0.0,0.9226402604667744
465,31.51685600061111,31.682024560617222,0.9,0.0,0.9174157199969444
466,31.045270329837784,31.205723033136163,0.9,0.0,0.919773648350811
467,32.033595225280315,32.20393117753312,0.9,0.0,0.9148320238735984
468,30.790551074190898,30.948456584932806,0.9,0.0,0.9210472446290454
469,32.972014941792736,33.15173509121066,0.9,0.0,0.9101399252910363
470,31.41498044428584,31.579130248728696,0.9,0.0,0.9179250977785708
471,32.27495790527337,32.4477074843261,0.9,0.0,0.9136252104736331
472,32.71266535805188,32.889792011632395,0.9,0.0,0.9114366732097405
473,30.738632615295074,30.896018941448027,0.9,0.0,0.9213068369235246
474,30.90392492144345,31.062964170657885,0.9,0.0,0.9204803753927827
475,29.583399821357794,29.729233819571373,0.9,0.0,0.9270830008932109
476,29.64663249997568,29.793098824975438,0.9,0.0,0.9267668375001216
477,27.43959370458432,27.56398964163016,0.9,0.0,0.9378020314770784
478,27.245901939424805,27.368360958819054,0.9,0.0,0.938770490302876
479,25.86465285307964,25.97329938161044,0.9,0.0,0.9456767357346018
480,26.24460834424673,26.357054427689196,0.9,0.0,0.9437769582787663
481,25.379249680379804,25.483042177183602,0.9,0.0,0.9481037515981009
482,27.012926986732708,27.133056256600035,0.9,0.0,0.9399353650663365
483,26.772437505733084,26.890161880790416,0.9,0.0,0.9411378124713345
484,27.56931552384092,27.69500867907933,0.9,0.0,0.9371534223807954
485,28.12770865912977,28.258985745721066,0.9,0.0,0.9343614567043511
486,28.538847098584164,28.674235569570005,0.9,0.0,0.9323057645070791
487,28.191960046018902,28.323879646479092,0.9,0.0,0.9340401997699055
488,30.99970773155153,31.159704808867048,0.9,0.0,0.9200014613422423
489,32.28460781487228,32.457453893021004,0.9,0.0,0.9135769609256386
490,32.19205973833745,32.363980335720825,0.9,0.0,0.9140397013083127
491,32.6661651558587,32.84282680741729,0.9,0.0,0.9116691742207065
492,32.81778672382341,32.99596459106164,0.9,0.0,0.9109110663808829
493,32.85374609487376,33.0322835558225,0.9,0.0,0.9107312695256311
494,31.719095361306163,31.886286314919225,0.9,0.0,0.9164045231934691
495,32.78786191285022,32.96574053197872,0.9,0.0,0.9110606904357489
496,32.32787525516463,32.50115400771627,0.9,0.0,0.9133606237241768
497,32.204227589046006,32.37626986493647,0.9,0.0,0.91397886205477
498,30.37208704514661,30.525807915598076,0.9,0.0,0.923139564774267
499,27.184231461664474,27.306073776281117,0.9,0.0,0.9390788426916776
500,27.72777849806947,27.855056283050164,0.9,0.0,0.9363611075096526
501,27.36288167672472,27.486510493491966,0.9,0.0,0.9381855916163764
502,25.503683671514,25.60872050822914,0.9,0.0,0.9474815816424299
503,25.47177338118215,25.57649111499397,0.9,0.0,0.9476411330940893
504,24.686895665767945,24.786895665767947,0.9,0.0,0.95
505,25.565576402324965,25.671232166348215,0.9,0.0,0.9471721179883751
506,24.366545598884912,24.466545598884913,0.9,0.0,0.95
507,26.049260887599097,26.159753496475087,0.9,0.0,0.9447536955620045
508,29.042632331866397,29.18305865518506,0.9,0.0,0.929786838340668
509,27.53864095342389,27.66402736295813,0.9,0.0,0.9373067952328805
510,27.891064793324176,28.01997544125742,0.9,0.0,0.9355446760333791
511,29.012437551073425,29.15256192658416,0.9,0.0,0.9299378122446328
512,31.71530232570643,31.882455348963493,0.9,0.0,0.9164234883714678
513,31.175175252850057,31.336927005378556,0.9,0.0,0.9191241237357497
514,30.85070027745638,31.009207280230942,0.9,0.0,0.9207464986127181
515,33.24171417386095,33.42413131559956,0.9,0.0,0.9087914291306952
516,33.53815487952118,33.72353642831639,0.9,0.0,0.907309225602394
517,33.96704732927669,34.15671780256945,0.9,0.0,0.9051647633536165
518,32.03350604847275,32.20384110895748,0.9,0.0,0.9148324697576362
519,33.644731310364755,33.8311786234684,0.9,0.0,0.9067763434481761
520,31.86029899094044,32.028901980849845,0.9,0.0,0.9156985050452977
521,32.9281413782212,33.10742279200341,0.9,0.0,0.910359293108894
522,29.60823923693993,29.75432162930933,0.9,0.0,0.9269588038153003
523,30.092630115052767,30.243556416203294,0.9,0.0,0.9245368494247361
524,27.548567249264774,27.674052921757422,0.9,0.0,0.9372571637536761
525,26.294615601169568,26.407561757181263,0.9,0.0,0.9435269219941521
526,25.24657501559664,25.34904076575261,0.9,0.0,0.9487671249220168
527,26.14724435277199,26.258716796299712,0.9,0.0,0.94426377823614
528,26.440482336162773,26.5548871595244,0.9,0.0,0.9427975883191861
529,25.774744584194124,25.882492030036065,0.9,0.0,0.9461262770790293
530,25.44809368986454,25.552574626763185,0.9,0.0,0.9477595315506773
531,27.74659747356825,27.874063448303932,0.9,0.0,0.9362670126321587
532,26.70573333740172,26.82279067077574,0.9,0.0,0.9414713333129914
533,27.765983403756724,27.893643237794294,0.9,0.0,0.9361700829812163
534,27.675517331664363,27.802272504981005,0.9,0.0,0.9366224133416782
535,30.269284231244303,30.421977073556747,0.9,0.0,0.9236535788437784
536,30.948921889104195,31.108411107995238,0.9,0.0,0.920255390554479
537,31.31036332230548,31.473466955528536,0.9,0.0,0.9184481833884726
538,33.664771993576515,33.85141971351228,0.9,0.0,0.9066761400321174
539,31.17341524413702,31.335149396578387,0.9,0.0,0.9191329237793149
540,31.75661704378408,31.92418321422192,0.9,0.0,0.9162169147810796
541,32.18336623465996,32.35519989700656,0.9,0.0,0.9140831688267002
542,32.17027389820097,32.34197663718298,0.9,0.0,0.9141486305089951
543,33.46713209607082,33.65180341703153,0.9,0.0,0.9076643395196459
544,31.40060413341862,31.564610174752808,0.9,0.0,0.9179969793329068
545,32.513721284824136,32.68885849767238,0.9,0.0,0.9124313935758793
546,29.662706927940704,29.80933399722011,0.9,0.0,0.9266864653602964
547,29.90192730635803,30.05094657942161,0.9,0.0,0.9254903634682098
548,29.052404581142223,29.192928626953645,0.9,0.0,0.9297379770942888
549,29.48878122419417,29.63366903643611,0.9,0.0,0.9275560938790292
550,25.648365206958,25.754848859027582,0.9,0.0,0.94675817396521
551,25.225736294908007,25.327993657857085,0.9,0.0,0.9488713185254599
552,27.352969292828053,27.476498985756333,0.9,0.0,0.9382351535358597
553,25.77663882324903,25.88440521148152,0.9,0.0,0.9461168058837548
554,26.160968249292992,26.27257793178592,0.9,0.0,0.944195158753535
555,26.309273158273204,26.422365889855936,0.9,0.0,0.9434536342086339
556,27.53309960089077,27.658430596899677,0.9,0.0,0.9373345019955461
557,28.36581372287437,28.499471860103114,0.9,0.0,0.9331709313856281
558,29.34347179095544,29.486906508864994,0.9,0.0,0.9282826410452227
559,28.88165145317704,29.02046796770881,0.9,0.0,0.9305917427341147
560,29.88008032819968,30.028881131481675,0.9,0.0,0.9255995983590015
561,29.69716883816411,29.84414052654575,0.9,0.0,0.9265141558091794
562,31.91575811117681,32.084915692288575,0.9,0.0,0.9154212094441159
563,32.85804048562401,33.03662089048025,0.9,0.0,0.9107097975718799
564,33.00354285344972,33.18357828198422,0.9,0.0,0.9099822857327513
565,32.21345687657038,32.38559144533609,0.9,0.0,0.9139327156171481
566,33.640206560315846,33.82660862591901,0.9,0.0,0.9067989671984207
567,33.343073321412945,33.526504054627075,0.9,0.0,0.9082846333929352
568,30.107385855430053,30.258459713984355,0.9,0.0,0.9244630707228497
569,32.66712294094981,32.84379417035931,0.9,0.0,0.911664385295251
570,30.80261504942967,30.960641199923966,0.9,0.0,0.9209869247528516
571,29.97329119128029,30.123024103193092,0.9,0.0,0.9251335440435985
572,29.19034899280008,29.33225248272808,0.9,0.0,0.9290482550359995
573,27.696757792395527,27.823725370319483,0.9,0.0,0.9365162110380223
574,26.02421913522628,26.134461326578542,0.9,0.0,0.9448789043238686
575,28.23947587050216,28.371870629207184,0.9,0.0,0.9338026206474892
576,25.84600098881724,25.954460998705414,0.9,0.0,0.9457699950559137
577,27.184133343828385,27.30597467726667,0.9,0.0,0.939079333280858
578,25.729531912974743,25.83682723210449,0.9,0.0,0.9463523404351263
579,26.63707419074882,26.753444932656308,0.9,0.0,0.9418146290462559
580,26.9423462043666,27.061769666410267,0.9,0.0,0.940288268978167
581,29.67527296957472,29.82202569927047,0.9,0.0,0.9266236351521263
582,28.69391239364853,28.830851517585018,0.9,0.0,0.9315304380317573
583,31.34348587744725,31.506920736221723,0.9,0.0,0.9182825706127637
584,30.69589771260345,30.852856689729485,0.9,0.0,0.9215205114369827
585,32.11033974581,32.2814431432681,0.9,0.0,0.9144483012709499
586,33.504735666988545,33.68978302365843,0.9,0.0,0.9074763216650572
587,30.95471537730933,31.114262531082424,0.9,0.0,0.9202264231134533
588,33.13527702185584,33.3166297920744,0.9,0.0,0.9093236148907208
589,33.72503054145572,33.91228084687028,0.9,0.0,0.9063748472927213
590,32.16515432389012,32.33680586712902,0.9,0.0,0.9141742283805494
591,32.658569556838025,32.8351552524064,0.9,0.0,0.9117071522158098
592,32.48179639466474,32.656614358611385,0.9,0.0,0.9125910180266763
593,30.919562014809166,31.07875763495726,0.9,0.0,0.9204021899259541
594,28.460343775207377,28.59494721295945,0.9,0.0,0.932698281123963
595,27.762180596580343,27.889802402546145,0.9,0.0,0.9361890970170983
596,28.311695833501428,28.444812791836444,0.9,0.0,0.9334415208324928
597,28.35072980884363,28.484237106932067,0.9,0.0,0.9332463509557818
598,25.065576998924406,25.166232768913652,0.9,0.0,0.949672115005378
599,27.26544547305457,27.388099927785117,0.9,0.0,0.9386727726347271
600,26.02648244836923,26.136747272852922,0.9,0.0,0.9448675877581538
601,27.88080085456801,28.00960886311369,0.9,0.0,0.9355959957271599
602,25.77405554191089,25.88179609733,0.9,0.0,0.9461297222904455
603,27.088849567067516,27.209738062738193,0.9,0.0,0.9395557521646624
604,28.11908602400773,28.250276884247807,0.9,0.0,0.9344045698799613
605,27.059666493358957,27.180263158292547,0.9,0.0,0.9397016675332052
606,27.668257952845867,27.794940532374326,0.9,0.0,0.9366587102357706
607,30.1473139999906,30.29878713999051,0.9,0.0,0.924263430000047
608,30.907435978397725,31.066510338181704,0.9,0.0,0.9204628201080113
609,31.36333718858821,31.526970560474094,0.9,0.0,0.9181833140570589
610,31.187671614732107,31.34954833087943,0.9,0.0,0.9190616419263394
611,30.934087794865853,31.09342867281451,0.9,0.0,0.9203295610256707
612,31.680078795343768,31.846879583297206,0.9,0.0,0.9165996060232812
613,30.606417864113286,30.76248204275442,0.9,0.0,0.9219679106794335
614,33.89272050818116,34.081647713262974,0.9,0.0,0.9055363974590941
615,32.317884312751175,32.491063155878685,0.9,0.0,0.9134105784362441
616,30.755535409702787,30.913090763799815,0.9,0.0,0.921222322951486
617,31.30364498764846,31.466681437524947,0.9,0.0,0.9184817750617577
618,29.66112639258877,29.807737656514657,0.9,0.0,0.9266943680370561
619,29.00424707673729,29.144289547504663,0.9,0.0,0.9299787646163135
620,29.13672228139969,29.278089504213686,0.9,0.0,0.9293163885930015
621,28.96921872957993,29.10891091687573,0.9,0.0,0.9301539063521003
622,27.82081107246231,27.949019183186934,0.9,0.0,0.9358959446376884
623,26.711656129939925,26.828772691239326,0.9,0.0,0.9414417193503003
624,25.95960826757021,26.06920435024591,0.9,0.0,0.945201958662149
625,25.36537315594848,25.469026887507965,0.9,0.0,0.9481731342202575
626,22.86342003456878,22.96342003456878,0.9,0.0,0.95
627,27.313874101204988,27.437012842217037,0.9,0.0,0.938430629493975
628,25.289560698892608,25.392456305881534,0.9,0.0,0.9485521965055369
629,28.31187649503893,28.44499525998932,0.9,0.0,0.9334406175248053
630,27.918227063168917,28.047409333800605,0.9,0.0,0.9354088646841554
631,28.01867166293912,28.148858379568512,0.9,0.0,0.9349066416853044
632,29.35725045912259,29.500822963713816,0.9,0.0,0.928213747704387
633,32.54720552808825,32.72267758336913,0.9,0.0,0.9122639723595587
634,32.39244374045682,32.566368177861385,0.9,0.0,0.9130377812977158
635,31.944182277930157,32.11362410070946,0.9,0.0,0.9152790886103491
636,31.70018255716149,31.867184382733104,0.9,0.0,0.9164990872141925
637,34.14358566849268,34.33502152517761,0.9,0.0,0.9042820716575365
638,31.20046864831674,31.36247333479991,0.9,0.0,0.9189976567584163
639,32.12975610118879,32.30105366220068,0.9,0.0,0.914351219494056
640,30.650170689942875,30.806672396842306,0.9,0.0,0.9217491465502856
641,32.46407651561118,32.638717280767295,0.9,0.0,0.912679617421944
642,30.901647339520583,31.060663812915788,0.9,0.0,0.920491763302397
643,28.584399492337734,28.72024348726111,0.9,0.0,0.9320780025383113
644,29.921771332509792,30.07098904583489,0.9,0.0,0.925391143337451
645,28.818812365636177,28.95700048929254,0.9,0.0,0.9309059381718191
646,27.34022878459932,27.463631072445313,0.9,0.0,0.9382988560770034
647,24.774239409552195,24.874239409552196,0.9,0.0,0.95
648,25.731966621247626,25.8392862874601,0.9,0.0,0.9463401668937619
649,26.35843080824848,26.472015116330965,0.9,0.0,0.9432078459587575
650,25.4791720012486,25.583963721261085,0.9,0.0,0.9476041399937569
651,27.240247978465685,27.362650458250343,0.9,0.0,0.9387987601076715
652,25.604464672580797,25.710509319306606,0.9,0.0,0.946977676637096
653,29.05867276250288,29.199259490127908,0.9,0.0,0.9297066361874855
654,29.6295312827952,29.77582659562315,0.9,0.0,0.926852343586024
655,29.28770490157608,29.430581950591844,0.9,0.0,0.9285614754921195
656,30.458194199777704,30.61277614177548,0.9,0.0,0.9227090290011114
657,31.398720075530008,31.56270727628531,0.9,0.0,0.9180063996223499
658,31.88002189928482,32.04882211827767,0.9,0.0,0.9155998905035758
659,32.225843783539595,32.39810222137499,0.9,0.0,0.913870781082302
660,32.59103442092013,32.76694476512933,0.9,0.0,0.9120448278953993
661,33.30054448735514,33.48354993222869,0.9,0.0,0.9084972775632243
662,33.92954956539208,34.118845061046,0.9,0.0,0.9053522521730396
663,33.29372157589128,33.476658791650195,0.9,0.0,0.9085313921205436
664,30.644795706205933,30.801243663267993,0.9,0.0,0.9217760214689703
665,30.839620515956067,30.99801672111563,0.9,0.0,0.9208018974202197
666,30.681925900265792,30.83874515926845,0.9,0.0,0.921590370498671
667,30.75852321409647,30.916108446237434,0.9,0.0,0.9212073839295176
668,29.956663393364373,30.106230027298018,0.9,0.0,0.9252166830331781
669,27.97311029028941,28.102841393192303,0.9,0.0,0.9351344485485529
670,25.92994058857419,26.039239994459933,0.9,0.0,0.945350297057129
671,25.689349752831088,25.7962432503594,0.9,0.0,0.9465532512358446
672,27.98508639633105,28.114937260294358,0.9,0.0,0.9350745680183448
673,25.10193316846736,25.202952500152037,0.9,0.0,0.9494903341576632
674,26.32903872202497,26.442329109245218,0.9,0.0,0.9433548063898751
675,28.527304410017,28.66257745411717,0.9,0.0,0.9323634779499149
676,24.755428011452757,24.85542801145276,0.9,0.0,0.95
677,28.20087805330781,28.332886833840888,0.9,0.0,0.9339956097334609
678,29.73440405912512,29.88174809971637,0.9,0.0,0.9263279797043744
679,28.273756478907195,28.406494043696267,0.9,0.0,0.933631217605464
680,29.84461773455801,29.99306391190359,0.9,0.0,0.9257769113272099
681,30.638564268986965,30.794949911676834,0.9,0.0,0.9218071786550651
682,30.57920199432672,30.734994014269986,0.9,0.0,0.9221039900283664
683,31.451289838933175,31.615802737322507,0.9,0.0,0.9177435508053341
684,33.634094420456805,33.82043536466137,0.9,0.0,0.906829527897716
685,33.10306957999828,33.28410027579826,0.9,0.0,0.9094846521000086
686,33.24729429497214,33.429767237921865,0.9,0.0,0.9087635285251392
687,31.32538485172762,31.488638700244895,0.9,0.0,0.9183730757413618
688,32.59623508758649,32.772197438462356,0.9,0.0,0.9120188245620675
689,30.36106882279414,30.514679511022084,0.9,0.0,0.9231946558860292
690,29.857463400976908,30.006038034986677,0.9,0.0,0.9257126829951154
691,30.06521810187364,30.215870282892375,0.9,0.0,0.9246739094906318
692,27.84695242521248,27.975421949464604,0.9,0.0,0.9357652378739376
693,28.05396950114489,28.18450919615634,0.9,0.0,0.9347301524942755
694,26.762270862860102,26.879893571488704,0.9,0.0,0.9411886456856995
695,26.712629806123896,26.829756104185137,0.9,0.0,0.9414368509693805
696,24.747253970772075,24.847253970772076,0.9,0.0,0.95
697,24.318430496478843,24.418430496478845,0.9,0.0,0.95
698,26.359120917252863,26.472712126425392,0.9,0.0,0.9432043954137357
699,26.518766751553876,26.633954419069415,0.9,0.0,0.9424061662422306
700,26.55950903743475,26.6751041278091,0.9,0.0,0.9422024548128262
701,28.86180263638758,29.000420662751456,0.9,0.0,0.9306909868180621
702,28.703091503414257,28.8401224184484,0.9,0.0,0.9314845424829287
703,29.53420134554287,29.6795433589983,0.9,0.0,0.9273289932722856
704,28.584404930161355,28.72024897946297,0.9,0.0,0.9320779753491932
705,29.974318641551196,30.12406182796671,0.9,0.0,0.925128406792244
706,32.52478591420797,32.70003377335005,0.9,0.0,0.9123760704289601
707,32.32716098289655,32.50043259272552,0.9,0.0,0.9133641950855172
708,33.96180270935676,34.151420736450326,0.9,0.0,0.9051909864532162
709,33.1878877025917,33.36976657961762,0.9,0.0,0.9090605614870414
710,31.92912091588664,32.098412125045506,0.9,0.0,0.9153543954205667
711,31.034755379196792,31.19510293298876,0.9,0.0,0.919826223104016
712,32.63296380979898,32.80929344789697,0.9,0.0,0.911835180951005
713,31.709448238300062,31.876542720683062,0.9,0.0,0.9164527588084996
714,31.538948851707083,31.704338340224155,0.9,0.0,0.9173052557414645
715,30.34588971699454,30.499348614164486,0.9,0.0,0.9232705514150272
716,28.83669674915725,28.975063716648826,0.9,0.0,0.9308165162542137
717,28.196517782355823,28.328482960179382,0.9,0.0,0.9340174110882209
718,26.1423476084108,26.25377108449491,0.9,0.0,0.9442882619579459
719,25.613184553964693,25.71931639950434,0.9,0.0,0.9469340772301765
720,27.927950801271383,28.057230309284098,0.9,0.0,0.9353602459936431
